runName,architecture,optuna_trial,status,dense_layers,dense_units_1,dense_units_2,dropout_rate,optimizer,learning_rate,weight_decay,batch_size,epochs,accuracy,val_accuracy,loss,val_loss,best_val_loss,accuracy_train,accuracy_val,precision_train,precision_val,recall_train,recall_val,f1_train,f1_val,experiment_id,run_id,augmentation,stage,start_time,end_time
"InceptionResNetV2 | dl:2, du1:512, du2:512, dr:0.5, opt:AdamW, lr:0.0006515854474111647, wd:1.564559898980861e-06, bs:16",InceptionResNetV2,103.0,completed,2,512.0,512.0,0.5,AdamW,0.0006515854474111,1.564559898980861e-06,16,30.0,0.7960928082466125,0.6658536791801453,0.5010305643081665,0.8206561803817749,0.7910137176513672,0.815018315018315,0.6536585365853659,0.819419689149043,0.6523475686228276,0.815018315018315,0.6536585365853659,0.8125618933386791,0.6500421423406172,2,ada5dc1c6a2b47cf96f7d0ac49955371,True,hyperparameter_optimization,2026-08-07 03:14:29.038000+00:00,2026-08-07 04:18:23.486000+00:00
"InceptionResNetV2 | dl:2, du1:512, du2:64, dr:0.5, opt:AdamW, lr:0.000855346100781213, wd:8.981751997980204e-06, bs:16",InceptionResNetV2,102.0,pruned,2,512.0,64.0,0.5,AdamW,0.0008553461007812,8.981751997980204e-06,16,8.0,0.5976800918579102,0.5804877877235413,0.9923325181007384,0.9844300150871276,,,,,,,,,,2,06801b8b298e4ce991eafd2bacac2924,True,hyperparameter_optimization,2026-08-07 02:58:31.140000+00:00,2026-08-07 03:14:27.716000+00:00
"InceptionResNetV2 | dl:2, du1:512, du2:128, dr:0.5, opt:AdamW, lr:0.0007379216550198929, wd:4.195929149820225e-06, bs:16",InceptionResNetV2,101.0,completed,2,512.0,128.0,0.5,AdamW,0.0007379216550198,4.195929149820225e-06,16,28.0,0.781440794467926,0.6512194871902466,0.6078634262084961,0.8114741444587708,0.8031499981880188,0.7826617826617827,0.6390243902439025,0.7944682542960425,0.6463481837782118,0.7826617826617827,0.6390243902439025,0.7790135559300292,0.6368031813026676,2,9952495f4619461c8c68661203c4553c,True,hyperparameter_optimization,2026-08-07 01:58:30.929000+00:00,2026-08-07 02:58:29.782000+00:00
"InceptionResNetV2 | dl:2, du1:64, du2:512, dr:0.5, opt:AdamW, lr:0.0004580762069242267, wd:6.086597231543452e-06, bs:16",InceptionResNetV2,100.0,pruned,2,64.0,512.0,0.5,AdamW,0.0004580762069242,6.086597231543452e-06,16,8.0,0.5940170884132385,0.6195122003555298,0.9859928488731384,0.9226900339126588,,,,,,,,,,2,72d7bd41472c4edd9624a36bd38cf56c,True,hyperparameter_optimization,2026-08-07 01:42:33.320000+00:00,2026-08-07 01:58:29.559000+00:00
"InceptionResNetV2 | dl:2, du1:512, du2:512, dr:0.4, opt:AdamW, lr:0.0006286042952283951, wd:3.219429514761655e-06, bs:16",InceptionResNetV2,99.0,completed,2,512.0,512.0,0.4,AdamW,0.0006286042952283,3.219429514761655e-06,16,19.0,0.7985348105430603,0.6585366129875183,0.5106079578399658,0.8662448525428772,0.8070179224014282,0.782051282051282,0.6585365853658537,0.7854693572347624,0.6673168433775915,0.782051282051282,0.6585365853658537,0.781607275074479,0.6607235820232256,2,d53c1af6344f4577bf1eb79a113985ef,True,hyperparameter_optimization,2026-08-07 01:00:08.826000+00:00,2026-08-07 01:42:31.930000+00:00
"InceptionResNetV2 | dl:2, du1:512, du2:512, dr:0.4, opt:AdamW, lr:0.0005484244084058986, wd:7.560801577453435e-06, bs:16",InceptionResNetV2,98.0,pruned,2,512.0,512.0,0.4,AdamW,0.0005484244084058,7.560801577453435e-06,16,9.0,0.7094017267227173,0.6512194871902466,0.7230492234230042,0.8544251918792725,,,,,,,,,,2,7edfb6b5508448e88eb0c2ea3b574a79,True,hyperparameter_optimization,2026-08-07 00:41:51.069000+00:00,2026-08-07 01:00:07.579000+00:00
"InceptionResNetV2 | dl:2, du1:512, du2:512, dr:0.4, opt:AdamW, lr:0.0006311522772673276, wd:7.297406442521914e-06, bs:16",InceptionResNetV2,97.0,completed,2,512.0,512.0,0.4,AdamW,0.0006311522772673,7.297406442521914e-06,16,24.0,0.8156288266181946,0.6634146571159363,0.4611475765705108,0.8568153977394104,0.7988113164901733,0.8125763125763126,0.6365853658536585,0.8157992069936545,0.6447514402339931,0.8125763125763126,0.6365853658536585,0.8119617593538047,0.6381805398159273,2,f9d718c62ff040c9877ec4fce8f959b5,True,hyperparameter_optimization,2026-08-06 23:49:53.848000+00:00,2026-08-07 00:41:49.676000+00:00
"InceptionResNetV2 | dl:2, du1:512, du2:512, dr:0.4, opt:AdamW, lr:0.0007823876220337686, wd:1.345374201196014e-05, bs:16",InceptionResNetV2,96.0,pruned,2,512.0,512.0,0.4,AdamW,0.0007823876220337,1.345374201196014e-05,16,14.0,0.7063491940498352,0.6609756350517273,0.7023621797561646,0.8475754857063293,,,,,,,,,,2,ec5c91f8619f4600a9830c5c0fefd3c8,True,hyperparameter_optimization,2026-08-06 23:21:48.653000+00:00,2026-08-06 23:49:52.396000+00:00
"InceptionResNetV2 | dl:2, du1:512, du2:512, dr:0.4, opt:AdamW, lr:0.0008867391532521112, wd:2.109621128456572e-05, bs:16",InceptionResNetV2,95.0,completed,2,512.0,512.0,0.4,AdamW,0.0008867391532521,2.109621128456572e-05,16,34.0,0.8516483306884766,0.6804878115653992,0.3986059129238128,0.8755576610565186,0.8120790123939514,0.8577533577533577,0.6707317073170732,0.8627384281110801,0.6742958257903358,0.8577533577533577,0.6707317073170732,0.8562837089519652,0.6701351355413006,2,e06da9c602e14d40b6c6bc59192fb37e,True,hyperparameter_optimization,2026-08-06 22:09:16.788000+00:00,2026-08-06 23:21:47.155000+00:00
"InceptionResNetV2 | dl:2, du1:128, du2:512, dr:0.4, opt:Adam, lr:0.0005697632413026526, bs:16",InceptionResNetV2,94.0,completed,2,128.0,512.0,0.4,Adam,0.0005697632413026,,16,24.0,0.7747252583503723,0.6756097674369812,0.5695959329605103,0.8245038986206055,0.8073342442512512,0.8089133089133089,0.6609756097560976,0.8157000448583659,0.6661200279368376,0.8089133089133089,0.6609756097560976,0.8097280101018914,0.6623444709594081,2,d6d46f02192d42f5a1bb3a47363ee0da,True,hyperparameter_optimization,2026-08-06 21:16:53.016000+00:00,2026-08-06 22:09:15.390000+00:00
"InceptionResNetV2 | dl:2, du1:512, du2:512, dr:0.5, opt:AdamW, lr:0.00016686176530276495, wd:2.7970944670186922e-05, bs:16",InceptionResNetV2,93.0,pruned,2,512.0,512.0,0.5,AdamW,0.0001668617653027,2.797094467018692e-05,16,11.0,0.6752136945724487,0.6097561120986938,0.7992076873779297,0.8756837248802185,,,,,,,,,,2,1ae65a26f1204e69b3f21e72aefb5ff3,True,hyperparameter_optimization,2026-08-06 20:54:50.940000+00:00,2026-08-06 21:16:51.671000+00:00
"InceptionResNetV2 | dl:2, du1:512, du2:512, dr:0.5, opt:AdamW, lr:0.0007116048535518682, wd:4.860837893041549e-07, bs:16",InceptionResNetV2,92.0,completed,2,512.0,512.0,0.5,AdamW,0.0007116048535518,4.860837893041549e-07,16,21.0,0.7686202526092529,0.6487804651260376,0.6060996055603027,0.8434197902679443,0.8076776266098022,0.7741147741147741,0.6707317073170732,0.7776522300176478,0.6755602256182562,0.7741147741147741,0.6707317073170732,0.7727738496238551,0.6694750834971781,2,f604ce704a65498a872ad46b7a2904df,True,hyperparameter_optimization,2026-08-06 20:08:13.726000+00:00,2026-08-06 20:54:49.501000+00:00
"InceptionResNetV2 | dl:2, du1:512, du2:512, dr:0.4, opt:AdamW, lr:0.0007676231634168898, wd:2.12220318337036e-05, bs:16",InceptionResNetV2,91.0,completed,2,512.0,512.0,0.4,AdamW,0.0007676231634168,2.12220318337036e-05,16,27.0,0.8333333134651184,0.6634146571159363,0.413332462310791,0.8357583284378052,0.7877206802368164,0.8229548229548229,0.6658536585365854,0.8251995989427149,0.6631616969023738,0.8229548229548229,0.6658536585365854,0.822557554890904,0.6640078369233515,2,9847d5871ed344449e75388926db650a,True,hyperparameter_optimization,2026-08-06 19:09:58.343000+00:00,2026-08-06 20:08:12.272000+00:00
"InceptionResNetV2 | dl:2, du1:512, du2:256, dr:0.5, opt:AdamW, lr:0.0009979909260732017, wd:1.0895174232737556e-05, bs:32",InceptionResNetV2,89.0,pruned,2,512.0,256.0,0.5,AdamW,0.0009979909260732,1.0895174232737556e-05,32,9.0,0.6452991366386414,0.6365853548049927,0.8631174564361572,0.8812420964241028,,,,,,,,,,2,7ac44a9d2a8046d3b6ec09eff77693d0,True,hyperparameter_optimization,2026-08-06 17:34:28.369000+00:00,2026-08-06 17:57:18.532000+00:00
"InceptionResNetV2 | dl:2, du1:512, du2:512, dr:0.5, opt:AdamW, lr:5.7583474528613676e-05, wd:5.277826694971952e-05, bs:32",InceptionResNetV2,88.0,pruned,2,512.0,512.0,0.5,AdamW,5.758347452861368e-05,5.277826694971952e-05,32,8.0,0.5555555820465088,0.5902438759803772,1.0723553895950315,0.9820077419281006,,,,,,,,,,2,7641d952929d49a691677ccd7aa6bc41,True,hyperparameter_optimization,2026-08-06 17:14:04.406000+00:00,2026-08-06 17:34:26.724000+00:00
"InceptionResNetV2 | dl:2, du1:512, du2:512, dr:0.30000000000000004, opt:AdamW, lr:0.0005827675277549995, wd:6.709540869635268e-06, bs:32",InceptionResNetV2,87.0,pruned,2,512.0,512.0,0.3,AdamW,0.0005827675277549,6.709540869635268e-06,32,17.0,0.8064712882041931,0.6707317233085632,0.4817834794521332,0.8660633563995361,,,,,,,,,,2,572455c75938485499f2459ff1922135,True,hyperparameter_optimization,2026-08-06 16:31:15.306000+00:00,2026-08-06 17:14:02.962000+00:00
"InceptionResNetV2 | dl:2, du1:512, du2:512, dr:0.4, opt:AdamW, lr:0.0006937397489838784, wd:1.451524340112163e-05, bs:32",InceptionResNetV2,86.0,pruned,2,512.0,512.0,0.4,AdamW,0.0006937397489838,1.451524340112163e-05,32,9.0,0.6709401607513428,0.6341463327407837,0.7873245477676392,0.8683626651763916,,,,,,,,,,2,7c596400a97d4ea29d1c4e1bc3a7e7d9,True,hyperparameter_optimization,2026-08-06 16:08:22.463000+00:00,2026-08-06 16:31:13.883000+00:00
"InceptionResNetV2 | dl:2, du1:512, du2:512, dr:0.4, opt:AdamW, lr:0.0008718990811024427, wd:0.00021924724164995845, bs:32",InceptionResNetV2,85.0,pruned,2,512.0,512.0,0.4,AdamW,0.0008718990811024,0.0002192472416499,32,9.0,0.6837607026100159,0.6585366129875183,0.7601774334907532,0.8590313196182251,,,,,,,,,,2,402c4545a1ed47feb544a37092ed0133,True,hyperparameter_optimization,2026-08-06 15:45:28.153000+00:00,2026-08-06 16:08:21.052000+00:00
"InceptionResNetV2 | dl:2, du1:512, du2:512, dr:0.4, opt:AdamW, lr:0.0009912374043934682, wd:4.392271356969495e-05, bs:32",InceptionResNetV2,84.0,pruned,2,512.0,512.0,0.4,AdamW,0.0009912374043934,4.392271356969495e-05,32,17.0,0.7503052353858948,0.6560975313186646,0.6242247819900513,0.839029848575592,,,,,,,,,,2,815b57bb19b94f358badc37ab1aa89e5,True,hyperparameter_optimization,2026-08-06 15:01:48.765000+00:00,2026-08-06 15:45:26.768000+00:00
"InceptionResNetV2 | dl:2, du1:512, du2:128, dr:0.5, opt:AdamW, lr:0.0004025429798479, wd:1.9161803661649712e-05, bs:16",InceptionResNetV2,83.0,pruned,2,512.0,128.0,0.5,AdamW,0.0004025429798479,1.9161803661649712e-05,16,9.0,0.622710645198822,0.6487804651260376,0.9021978974342346,0.8672637343406677,,,,,,,,,,2,ca4a842c221c4726aecf79be7d04c482,True,hyperparameter_optimization,2026-08-06 14:43:08.975000+00:00,2026-08-06 15:01:47.313000+00:00
"InceptionResNetV2 | dl:2, du1:64, du2:512, dr:0.4, opt:AdamW, lr:0.0004925956768942938, wd:3.5931267648968076e-06, bs:16",InceptionResNetV2,82.0,pruned,2,64.0,512.0,0.4,AdamW,0.0004925956768942,3.593126764896808e-06,16,8.0,0.6495726704597473,0.6097561120986938,0.8451761603355408,0.9246935844421388,,,,,,,,,,2,5f7bb13374cf48d1aa1a9f83e1af68cf,True,hyperparameter_optimization,2026-08-06 14:26:45.747000+00:00,2026-08-06 14:43:07.515000+00:00
"InceptionResNetV2 | dl:2, du1:256, du2:512, dr:0.5, opt:Adam, lr:2.551831621769253e-05, bs:16",InceptionResNetV2,81.0,pruned,2,256.0,512.0,0.5,Adam,2.551831621769253e-05,,16,8.0,0.4652014672756195,0.5878048539161682,1.2708877325057983,1.0966702699661257,,,,,,,,,,2,fdb3764f49694a7bb677e0d0918c15a0,True,hyperparameter_optimization,2026-08-06 14:10:18.342000+00:00,2026-08-06 14:26:44.271000+00:00
"InceptionResNetV2 | dl:2, du1:512, du2:64, dr:0.5, opt:AdamW, lr:0.00023334337650875975, wd:7.88308682053656e-05, bs:16",InceptionResNetV2,80.0,pruned,2,512.0,64.0,0.5,AdamW,0.0002333433765087,7.88308682053656e-05,16,8.0,0.5830280780792236,0.5926828980445862,1.0384126901626587,0.9909080862998962,,,,,,,,,,2,44ab46ae3747423ca8a389213168658f,True,hyperparameter_optimization,2026-08-06 13:53:38.410000+00:00,2026-08-06 14:10:17.116000+00:00
"InceptionResNetV2 | dl:2, du1:128, du2:512, dr:0.4, opt:AdamW, lr:0.00032729811185576213, wd:8.931181369137098e-07, bs:16",InceptionResNetV2,79.0,completed,2,128.0,512.0,0.4,AdamW,0.0003272981118557,8.931181369137098e-07,16,25.0,0.7863247990608215,0.6536585092544556,0.5606059432029724,0.832381546497345,0.8150447010993958,0.797924297924298,0.6463414634146342,0.8010926655863202,0.6479820862047481,0.797924297924298,0.6463414634146342,0.796790198928404,0.6469453955313216,2,19ade49173344dd292afcc01723b6db7,True,hyperparameter_optimization,2026-08-06 12:57:47.573000+00:00,2026-08-06 13:53:37.235000+00:00
"InceptionResNetV2 | dl:2, du1:512, du2:512, dr:0.4, opt:Adam, lr:0.00012179863507291163, bs:16",InceptionResNetV2,78.0,pruned,2,512.0,512.0,0.4,Adam,0.0001217986350729,,16,9.0,0.6721611618995667,0.6414633989334106,0.7832129001617432,0.8590958714485168,,,,,,,,,,2,4666447790794fccaac4b96522de2d4d,True,hyperparameter_optimization,2026-08-06 12:39:35.485000+00:00,2026-08-06 12:57:46.187000+00:00
"InceptionResNetV2 | dl:2, du1:512, du2:512, dr:0.2, opt:Adam, lr:0.0004028193705339735, bs:16",InceptionResNetV2,77.0,pruned,2,512.0,512.0,0.2,Adam,0.0004028193705339,,16,14.0,0.8168498277664185,0.6707317233085632,0.4686414897441864,0.8447393774986267,,,,,,,,,,2,81530a0c4a47498295b26600bd8f7ed1,True,hyperparameter_optimization,2026-08-06 12:10:58.396000+00:00,2026-08-06 12:39:34.246000+00:00
"InceptionResNetV2 | dl:2, du1:512, du2:512, dr:0.4, opt:Adam, lr:7.158542003613416e-05, bs:16",InceptionResNetV2,76.0,completed,2,512.0,512.0,0.4,Adam,7.158542003613416e-05,,16,27.0,0.7600732445716858,0.6682927012443542,0.5902354717254639,0.8344454169273376,0.8231838941574097,0.7942612942612942,0.7,0.7988311651631302,0.7089618251149349,0.7942612942612942,0.7,0.792559691899754,0.698929412760555,2,f0b7392789714a8ebdd46aa2ed450134,True,hyperparameter_optimization,2026-08-06 11:11:48.782000+00:00,2026-08-06 12:10:57.106000+00:00
"InceptionResNetV2 | dl:2, du1:512, du2:512, dr:0.4, opt:Adam, lr:0.00040989868472458276, bs:16",InceptionResNetV2,75.0,pruned,2,512.0,512.0,0.4,Adam,0.0004098986847245,,16,9.0,0.6904761791229248,0.6170731782913208,0.7474252581596375,0.8895531892776489,,,,,,,,,,2,977ca6559dd046d099e65258abd563a6,True,hyperparameter_optimization,2026-08-06 10:53:36.661000+00:00,2026-08-06 11:11:47.601000+00:00
"InceptionResNetV2 | dl:2, du1:512, du2:512, dr:0.30000000000000004, opt:Adam, lr:0.00045392966273338027, bs:16",InceptionResNetV2,74.0,pruned,2,512.0,512.0,0.3,Adam,0.0004539296627333,,16,9.0,0.732600748538971,0.6682927012443542,0.6600174903869629,0.8562736511230469,,,,,,,,,,2,d97b7195a6be4d0abaa29c4f9ed745de,True,hyperparameter_optimization,2026-08-06 10:35:25.650000+00:00,2026-08-06 10:53:35.457000+00:00
"InceptionResNetV2 | dl:2, du1:512, du2:256, dr:0.5, opt:Adam, lr:6.91983819088807e-05, bs:32",InceptionResNetV2,73.0,pruned,2,512.0,256.0,0.5,Adam,6.91983819088807e-05,,32,8.0,0.5372405648231506,0.5926828980445862,1.1233161687850952,0.995697021484375,,,,,,,,,,2,6ba0e452bbf74f328b5c89f7db1443a6,True,hyperparameter_optimization,2026-08-06 10:15:14.829000+00:00,2026-08-06 10:35:24.634000+00:00
"InceptionResNetV2 | dl:2, du1:512, du2:512, dr:0.30000000000000004, opt:AdamW, lr:0.00010039042039808914, wd:1.0732351587904908e-07, bs:16",InceptionResNetV2,72.0,pruned,2,512.0,512.0,0.3,AdamW,0.000100390420398,1.0732351587904909e-07,16,9.0,0.7032967209815979,0.6634146571159363,0.7433087825775146,0.8735608458518982,,,,,,,,,,2,821784e78f0c4032ab250ddd897ea3c5,True,hyperparameter_optimization,2026-08-06 09:56:28.677000+00:00,2026-08-06 10:15:13.659000+00:00
"InceptionResNetV2 | dl:0, dr:0.5, opt:AdamW, lr:0.0008400902282298175, wd:4.945150259013354e-06, bs:16",InceptionResNetV2,71.0,pruned,0,,,0.5,AdamW,0.0008400902282298,4.945150259013354e-06,16,9.0,0.6556776762008667,0.6219512224197388,0.850382924079895,0.8870519995689392,,,,,,,,,,2,dd34b6cf6a1b4cc2ae34b6647e4d8cd6,True,hyperparameter_optimization,2026-08-06 09:38:05.769000+00:00,2026-08-06 09:56:27.404000+00:00
"InceptionResNetV2 | dl:2, du1:512, du2:512, dr:0.5, opt:AdamW, lr:0.000603116929423466, wd:1.9228636364410184e-06, bs:16",InceptionResNetV2,70.0,pruned,2,512.0,512.0,0.5,AdamW,0.0006031169294234,1.9228636364410184e-06,16,9.0,0.6642246842384338,0.6317073106765747,0.8059284090995789,0.8555756211280823,,,,,,,,,,2,b388c1640c7b4a1c8a148a2ceb7b1ca4,True,hyperparameter_optimization,2026-08-06 09:19:55.008000+00:00,2026-08-06 09:38:04.814000+00:00
"InceptionResNetV2 | dl:2, du1:512, du2:512, dr:0.5, opt:AdamW, lr:0.0007801228106759596, wd:3.8559630876403386e-05, bs:16",InceptionResNetV2,69.0,pruned,2,512.0,512.0,0.5,AdamW,0.0007801228106759,3.8559630876403386e-05,16,9.0,0.6514041423797607,0.6170731782913208,0.8763686418533325,0.8767292499542236,,,,,,,,,,2,c55fc18d310b44989ee15d83ffd324c0,True,hyperparameter_optimization,2026-08-06 09:01:45.812000+00:00,2026-08-06 09:19:53.784000+00:00
"InceptionResNetV2 | dl:2, du1:256, du2:128, dr:0.5, opt:AdamW, lr:0.0009961392954564692, wd:1.0713009514005224e-05, bs:16",InceptionResNetV2,68.0,pruned,2,256.0,128.0,0.5,AdamW,0.0009961392954564,1.0713009514005224e-05,16,8.0,0.5830280780792236,0.5878048539161682,1.0348836183547974,0.9355598092079164,,,,,,,,,,2,95f8ee09399042949f3ffdc22324fc95,True,hyperparameter_optimization,2026-08-06 08:45:37.977000+00:00,2026-08-06 09:01:44.586000+00:00
"InceptionResNetV2 | dl:2, du1:512, du2:64, dr:0.5, opt:AdamW, lr:0.0005275340809992385, wd:0.0011635055825453952, bs:16",InceptionResNetV2,67.0,pruned,2,512.0,64.0,0.5,AdamW,0.0005275340809992,0.0011635055825453,16,8.0,0.5958486199378967,0.6121951341629028,1.0049182176589966,0.9348898530006408,,,,,,,,,,2,ae7fbf735e0e47d782d6586bb9964355,True,hyperparameter_optimization,2026-08-06 08:29:28.879000+00:00,2026-08-06 08:45:36.782000+00:00
"InceptionResNetV2 | dl:2, du1:512, du2:512, dr:0.5, opt:AdamW, lr:0.00041776854858692296, wd:8.543174376252859e-05, bs:16",InceptionResNetV2,66.0,pruned,2,512.0,512.0,0.5,AdamW,0.0004177685485869,8.543174376252859e-05,16,9.0,0.6452991366386414,0.6365853548049927,0.8366528749465942,0.8909932374954224,,,,,,,,,,2,c7fe6bf3c63741188ac1be1391e92fe8,True,hyperparameter_optimization,2026-08-06 08:11:22.585000+00:00,2026-08-06 08:29:27.659000+00:00
"InceptionResNetV2 | dl:2, du1:512, du2:512, dr:0.5, opt:AdamW, lr:0.0006723305864599207, wd:5.085479841194489e-06, bs:16",InceptionResNetV2,65.0,pruned,2,512.0,512.0,0.5,AdamW,0.0006723305864599,5.085479841194489e-06,16,8.0,0.6190476417541504,0.5682926774024963,0.9145885705947876,0.9542720317840576,,,,,,,,,,2,29b4754be3ef49a8943309a6653ae16e,True,hyperparameter_optimization,2026-08-06 07:55:15.920000+00:00,2026-08-06 08:11:21.383000+00:00
"InceptionResNetV2 | dl:2, du1:512, du2:512, dr:0.5, opt:AdamW, lr:0.0009032091384765469, wd:1.8157452401300306e-05, bs:16",InceptionResNetV2,64.0,completed,2,512.0,512.0,0.5,AdamW,0.0009032091384765,1.8157452401300303e-05,16,34.0,0.8003662824630737,0.6463414430618286,0.5208297371864319,0.8263519406318665,0.8074228167533875,0.8241758241758241,0.6585365853658537,0.8342325716312478,0.6650984107058944,0.8241758241758241,0.6585365853658537,0.8230219461878329,0.6585867823728415,2,367947e489d3459a97274564be3b8b98,True,hyperparameter_optimization,2026-08-06 06:42:30.970000+00:00,2026-08-06 07:55:14.686000+00:00
"InceptionResNetV2 | dl:2, du1:512, du2:512, dr:0.4, opt:Adam, lr:0.0003842842899090789, bs:16",InceptionResNetV2,63.0,completed,2,512.0,512.0,0.4,Adam,0.000384284289909,,16,25.0,0.8431013226509094,0.6634146571159363,0.4213533401489258,0.8842039704322815,0.8013437390327454,0.8162393162393162,0.6414634146341464,0.8205920108825606,0.6443735105452538,0.8162393162393162,0.6414634146341464,0.8147552010849751,0.6396219826993292,2,8d01fb9c25f842dd89ce3e061c022c34,True,hyperparameter_optimization,2026-08-06 05:48:12.746000+00:00,2026-08-06 06:42:29.705000+00:00
"InceptionResNetV2 | dl:2, du1:512, du2:512, dr:0.5, opt:AdamW, lr:0.00021476968244149122, wd:9.644767939041667e-06, bs:16",InceptionResNetV2,62.0,pruned,2,512.0,512.0,0.5,AdamW,0.0002147696824414,9.644767939041668e-06,16,9.0,0.6538461446762085,0.6243902444839478,0.8422971367835999,0.8990245461463928,,,,,,,,,,2,cfb5a537f0b24afbafb8a96bfefae8da,True,hyperparameter_optimization,2026-08-06 05:29:50.677000+00:00,2026-08-06 05:48:11.452000+00:00
"InceptionResNetV2 | dl:2, du1:128, du2:64, dr:0.5, opt:AdamW, lr:0.00035448318326341486, wd:2.414295793623995e-06, bs:16",InceptionResNetV2,61.0,pruned,2,128.0,64.0,0.5,AdamW,0.0003544831832634,2.414295793623995e-06,16,8.0,0.509768009185791,0.5804877877235413,1.1232287883758545,1.0173814296722412,,,,,,,,,,2,59804390857448759cf460149065e1f3,True,hyperparameter_optimization,2026-08-06 05:13:28.983000+00:00,2026-08-06 05:29:49.394000+00:00
"InceptionResNetV2 | dl:2, du1:64, du2:512, dr:0.5, opt:AdamW, lr:0.0008262923891740539, wd:0.00013032537837122032, bs:32",InceptionResNetV2,60.0,pruned,2,64.0,512.0,0.5,AdamW,0.000826292389174,0.0001303253783712,32,8.0,0.5683760643005371,0.6097561120986938,1.0027453899383545,0.9815509915351868,,,,,,,,,,2,134a09bef0864d9b947218101cf111a5,True,hyperparameter_optimization,2026-08-06 04:53:10.883000+00:00,2026-08-06 05:13:27.642000+00:00
"InceptionResNetV2 | dl:2, du1:512, du2:512, dr:0.5, opt:AdamW, lr:0.0006110551434184072, wd:0.008062684591426042, bs:16",InceptionResNetV2,59.0,completed,2,512.0,512.0,0.5,AdamW,0.0006110551434184,0.008062684591426,16,26.0,0.7918192744255066,0.6536585092544556,0.5190553069114685,0.844553530216217,0.810209333896637,0.7912087912087912,0.6414634146341464,0.8007620527545362,0.6482587787766725,0.7912087912087912,0.6414634146341464,0.790068964953687,0.6406025236057205,2,e56b207064e84380916048535dcfd322,True,hyperparameter_optimization,2026-08-06 03:57:08.663000+00:00,2026-08-06 04:53:09.436000+00:00
"InceptionResNetV2 | dl:2, du1:512, du2:512, dr:0.5, opt:AdamW, lr:0.00045922468621244466, wd:7.494827816843345e-06, bs:16",InceptionResNetV2,58.0,completed,2,512.0,512.0,0.5,AdamW,0.0004592246862124,7.494827816843345e-06,16,25.0,0.8046398162841797,0.6463414430618286,0.5314009189605713,0.8306488990783691,0.806706964969635,0.8034188034188035,0.6609756097560976,0.8065170860663202,0.6617342122544358,0.8034188034188035,0.6609756097560976,0.8014412947240732,0.6601135795338323,2,2b21386c230842339ee64b1a4f7ea15d,True,hyperparameter_optimization,2026-08-06 03:02:07.196000+00:00,2026-08-06 03:57:07.356000+00:00
"InceptionResNetV2 | dl:2, du1:512, du2:512, dr:0.5, opt:AdamW, lr:2.6188573588925103e-05, wd:3.427433682416991e-05, bs:16",InceptionResNetV2,57.0,pruned,2,512.0,512.0,0.5,AdamW,2.6188573588925103e-05,3.427433682416991e-05,16,8.0,0.5244200229644775,0.6146341562271118,1.1707261800765991,1.0041558742523191,,,,,,,,,,2,4e968b81acf24eb29bfc5cb128f705e4,True,hyperparameter_optimization,2026-08-06 02:46:01.434000+00:00,2026-08-06 03:02:05.813000+00:00
"InceptionResNetV2 | dl:2, du1:512, du2:512, dr:0.5, opt:AdamW, lr:0.000805356358549259, wd:1.3481734525211947e-06, bs:16",InceptionResNetV2,56.0,pruned,2,512.0,512.0,0.5,AdamW,0.0008053563585492,1.3481734525211947e-06,16,9.0,0.6208791136741638,0.6365853548049927,0.8899932503700256,0.8638292551040649,,,,,,,,,,2,b947194a548448108d558b61d5f823b5,True,hyperparameter_optimization,2026-08-06 02:27:40.734000+00:00,2026-08-06 02:46:00.082000+00:00
"InceptionResNetV2 | dl:2, du1:512, du2:512, dr:0.5, opt:AdamW, lr:0.0006667757025973529, wd:1.8895021093780945e-05, bs:16",InceptionResNetV2,55.0,completed,2,512.0,512.0,0.5,AdamW,0.0006667757025973,1.8895021093780945e-05,16,26.0,0.771672785282135,0.6707317233085632,0.5659244060516357,0.8152022361755371,0.808797299861908,0.8089133089133089,0.6414634146341464,0.8089890674990096,0.6417311217696199,0.8089133089133089,0.6414634146341464,0.8067296089695613,0.6393307264715914,2,0f777d2bb5df49cfb74bfdf69644ab45,True,hyperparameter_optimization,2026-08-06 01:31:04.481000+00:00,2026-08-06 02:27:39.377000+00:00
"InceptionResNetV2 | dl:2, du1:512, du2:512, dr:0.5, opt:AdamW, lr:0.000788355566865711, wd:1.578484030140255e-05, bs:16",InceptionResNetV2,54.0,completed,2,512.0,512.0,0.5,AdamW,0.0007883555668657,1.578484030140255e-05,16,24.0,0.7777777910232544,0.6560975313186646,0.5746799111366272,0.8131309151649475,0.7863976955413818,0.78998778998779,0.6658536585365854,0.7887378980564712,0.6642444334768495,0.78998778998779,0.6658536585365854,0.7874392676487988,0.6644378357259978,2,3dc5e76f8fe24139b7f950b080ffb4e0,True,hyperparameter_optimization,2026-08-06 00:38:04.037000+00:00,2026-08-06 01:31:03.099000+00:00
"InceptionResNetV2 | dl:1, du1:512, dr:0.5, opt:AdamW, lr:0.00014337436506763485, wd:2.809002475072079e-05, bs:16",InceptionResNetV2,53.0,pruned,1,512.0,,0.5,AdamW,0.0001433743650676,2.809002475072079e-05,16,9.0,0.7081807255744934,0.6292682886123657,0.740195095539093,0.8758293390274048,,,,,,,,,,2,78214f0477784a239d7ef22cfef49ff4,True,hyperparameter_optimization,2026-08-06 00:20:01.645000+00:00,2026-08-06 00:38:02.577000+00:00
"InceptionResNetV2 | dl:2, du1:512, du2:128, dr:0.4, opt:AdamW, lr:0.0007067755978869367, wd:7.917215211874802e-06, bs:16",InceptionResNetV2,52.0,pruned,2,512.0,128.0,0.4,AdamW,0.0007067755978869,7.917215211874802e-06,16,9.0,0.6581196784973145,0.6390243768692017,0.8635274767875671,0.8657829761505127,,,,,,,,,,2,196409bde9534f6ba95aa1abd05d987a,True,hyperparameter_optimization,2026-08-06 00:01:56.569000+00:00,2026-08-06 00:20:00.242000+00:00
"InceptionResNetV2 | dl:2, du1:64, du2:512, dr:0.5, opt:Adam, lr:1.0552970606444362e-05, bs:16",InceptionResNetV2,51.0,pruned,2,64.0,512.0,0.5,Adam,1.0552970606444362e-05,,16,8.0,0.3137973248958587,0.4000000059604645,1.6608816385269165,1.5710304975509644,,,,,,,,,,2,454c87fee560409db831b91605c0af73,True,hyperparameter_optimization,2026-08-05 23:45:54.600000+00:00,2026-08-06 00:01:55.045000+00:00
"InceptionResNetV2 | dl:2, du1:256, du2:256, dr:0.5, opt:AdamW, lr:0.000521048433309242, wd:2.900329282672802e-06, bs:32",InceptionResNetV2,50.0,pruned,2,256.0,256.0,0.5,AdamW,0.0005210484333092,2.900329282672802e-06,32,9.0,0.5976800918579102,0.6317073106765747,0.949425995349884,0.8984886407852173,,,,,,,,,,2,2561d483c06c48b7aa42346694eded8b,True,hyperparameter_optimization,2026-08-05 23:23:24.442000+00:00,2026-08-05 23:45:53.348000+00:00
"InceptionResNetV2 | dl:1, du1:512, dr:0.2, opt:AdamW, lr:0.0002745699390366481, wd:3.1854110516427365e-07, bs:16",InceptionResNetV2,49.0,pruned,1,512.0,,0.2,AdamW,0.0002745699390366,3.1854110516427365e-07,16,9.0,0.7777777910232544,0.6439024209976196,0.5666752457618713,0.860519289970398,,,,,,,,,,2,f9524a8b89284096835327cb9075accf,True,hyperparameter_optimization,2026-08-05 23:05:18.957000+00:00,2026-08-05 23:23:22.961000+00:00
"InceptionResNetV2 | dl:2, du1:512, du2:512, dr:0.5, opt:AdamW, lr:0.0006782492692753547, wd:7.844291877416e-06, bs:16",InceptionResNetV2,48.0,completed,2,512.0,512.0,0.5,AdamW,0.0006782492692753,7.844291877416e-06,16,23.0,0.7686202526092529,0.6536585092544556,0.6060160398483276,0.8139811158180237,0.7892109155654907,0.7832722832722833,0.6585365853658537,0.7851190355432764,0.6596006820522382,0.7832722832722833,0.6585365853658537,0.7805159837545501,0.6578403415367606,2,2890cb62f8d24c0eac4837276150aeec,True,hyperparameter_optimization,2026-08-05 22:14:45.804000+00:00,2026-08-05 23:05:17.662000+00:00
"InceptionResNetV2 | dl:2, du1:64, du2:256, dr:0.5, opt:AdamW, lr:0.0007509909157434672, wd:1.596444226546102e-05, bs:16",InceptionResNetV2,47.0,pruned,2,64.0,256.0,0.5,AdamW,0.0007509909157434,1.596444226546102e-05,16,8.0,0.5702075958251953,0.5731707215309143,1.019583225250244,0.9790107607841492,,,,,,,,,,2,9b9c200b5e2f4d92baff9168651bf4b6,True,hyperparameter_optimization,2026-08-05 21:58:42.140000+00:00,2026-08-05 22:14:44.290000+00:00
"InceptionResNetV2 | dl:2, du1:512, du2:512, dr:0.5, opt:AdamW, lr:0.0009949751504522307, wd:3.6108037587924684e-06, bs:16",InceptionResNetV2,46.0,pruned,2,512.0,512.0,0.5,AdamW,0.0009949751504522,3.610803758792469e-06,16,9.0,0.6159951090812683,0.6365853548049927,0.9389705657958984,0.8878167867660522,,,,,,,,,,2,f14670fcabc646a88e1f81386d90c7bb,True,hyperparameter_optimization,2026-08-05 21:40:23.644000+00:00,2026-08-05 21:58:40.879000+00:00
"InceptionResNetV2 | dl:2, du1:512, du2:512, dr:0.5, opt:AdamW, lr:0.0007684838133002719, wd:2.655971196537898e-05, bs:16",InceptionResNetV2,44.0,pruned,2,512.0,512.0,0.5,AdamW,0.0007684838133002,2.655971196537898e-05,16,9.0,0.6465201377868652,0.6414633989334106,0.8924634456634521,0.8615374565124512,,,,,,,,,,2,2f632094a64b4a65ad4e808dffbc6c7d,True,hyperparameter_optimization,2026-08-05 21:17:11.221000+00:00,2026-08-05 21:35:09.626000+00:00
"InceptionResNetV2 | dl:2, du1:512, du2:512, dr:0.5, opt:AdamW, lr:0.0008638833613232211, wd:1.2292967602784435e-05, bs:16",InceptionResNetV2,43.0,pruned,2,512.0,512.0,0.5,AdamW,0.0008638833613232,1.2292967602784436e-05,16,9.0,0.6385836601257324,0.6317073106765747,0.8684467077255249,0.8681868314743042,,,,,,,,,,2,561a9bc864cb4c17be66c32807ee293e,True,hyperparameter_optimization,2026-08-05 20:59:14.470000+00:00,2026-08-05 21:17:09.789000+00:00
"InceptionResNetV2 | dl:2, du1:128, du2:512, dr:0.5, opt:AdamW, lr:0.00046733802926862, wd:9.382801397291926e-06, bs:32",InceptionResNetV2,42.0,pruned,2,128.0,512.0,0.5,AdamW,0.0004673380292686,9.382801397291926e-06,32,8.0,0.6196581125259399,0.6195122003555298,0.9049161076545716,0.9332669973373412,,,,,,,,,,2,42be7dd00a6b4982bce5af850a05d883,True,hyperparameter_optimization,2026-08-05 20:39:18.319000+00:00,2026-08-05 20:59:13.098000+00:00
"InceptionResNetV2 | dl:1, du1:512, dr:0.5, opt:Adam, lr:6.360494530921319e-05, bs:16",InceptionResNetV2,41.0,pruned,1,512.0,,0.5,Adam,6.360494530921319e-05,,16,8.0,0.6678876876831055,0.6048780679702759,0.8487463593482971,0.9293438196182252,,,,,,,,,,2,1c3a7c971c4e4ccd94bef4e43a68bde2,True,hyperparameter_optimization,2026-08-05 20:23:22.183000+00:00,2026-08-05 20:39:16.963000+00:00
"InceptionResNetV2 | dl:2, du1:256, du2:512, dr:0.4, opt:AdamW, lr:0.0007036986373528244, wd:2.4916490535020948e-05, bs:16",InceptionResNetV2,40.0,completed,2,256.0,512.0,0.4,AdamW,0.0007036986373528,2.4916490535020948e-05,16,19.0,0.7722832560539246,0.6487804651260376,0.5722156763076782,0.8744544982910156,0.812645435333252,0.7551892551892552,0.6682926829268293,0.7659935664616754,0.6739704940567566,0.7551892551892552,0.6682926829268293,0.7533136866746252,0.6678622147068197,2,986c6f9366494b5ebb6e179895fe2894,True,hyperparameter_optimization,2026-08-05 19:41:26.695000+00:00,2026-08-05 20:23:21.095000+00:00
"InceptionResNetV2 | dl:1, du1:512, dr:0.5, opt:AdamW, lr:1.237551652474726e-05, wd:0.00012874576074322564, bs:32",InceptionResNetV2,39.0,pruned,1,512.0,,0.5,AdamW,1.237551652474726e-05,0.0001287457607432,32,8.0,0.4932844936847687,0.5707316994667053,1.2472275495529177,1.15209698677063,,,,,,,,,,2,a498f50712394b71be6c40bd8e0bdd3a,True,hyperparameter_optimization,2026-08-05 19:21:26.367000+00:00,2026-08-05 19:41:25.281000+00:00
"InceptionResNetV2 | dl:2, du1:128, du2:128, dr:0.4, opt:Adam, lr:0.0009129403330183016, bs:16",InceptionResNetV2,38.0,pruned,2,128.0,128.0,0.4,Adam,0.0009129403330183,,16,9.0,0.6111111044883728,0.6243902444839478,0.9230079650878906,0.8698939681053162,,,,,,,,,,2,17230e13f19242c5b5519432b3f42aa3,True,hyperparameter_optimization,2026-08-05 19:03:31.704000+00:00,2026-08-05 19:21:24.861000+00:00
"InceptionResNetV2 | dl:2, du1:512, du2:256, dr:0.5, opt:AdamW, lr:0.0002817778672181819, wd:1.2793415847024832e-06, bs:16",InceptionResNetV2,37.0,completed,2,512.0,256.0,0.5,AdamW,0.0002817778672181,1.2793415847024832e-06,16,27.0,0.7954822778701782,0.6634146571159363,0.5244895219802856,0.8469828367233276,0.8223038911819458,0.8064713064713065,0.6487804878048781,0.8090988961619698,0.6567223352672699,0.8064713064713065,0.6487804878048781,0.8066788530414726,0.6516769879576645,2,63aa3210cf34471b8e82ff681c9eba2d,True,hyperparameter_optimization,2026-08-05 18:05:25+00:00,2026-08-05 19:03:30.591000+00:00
"InceptionResNetV2 | dl:2, du1:512, du2:512, dr:0.4, opt:AdamW, lr:0.000994208639724888, wd:4.853370746242944e-05, bs:32",InceptionResNetV2,36.0,completed,2,512.0,512.0,0.4,AdamW,0.0009942086397248,4.853370746242944e-05,32,25.0,0.8144078254699707,0.6560975313186646,0.4781376421451568,0.868523120880127,0.8058837652206421,0.818070818070818,0.6463414634146342,0.8233376991918193,0.6490583932706278,0.818070818070818,0.6463414634146342,0.817213499724514,0.647267017170948,2,6e388bbd859a43f980a5c2c5b9e3d679,True,hyperparameter_optimization,2026-08-05 16:59:09.803000+00:00,2026-08-05 18:05:23.603000+00:00
"InceptionResNetV2 | dl:2, du1:128, du2:512, dr:0.5, opt:AdamW, lr:0.0006029806689296597, wd:4.025201263032469e-06, bs:16",InceptionResNetV2,34.0,pruned,2,128.0,512.0,0.5,AdamW,0.0006029806689296,4.025201263032469e-06,16,9.0,0.6172161102294922,0.6317073106765747,0.9398986101150512,0.8993659615516663,,,,,,,,,,2,93dd8a243ae2417c8fa349a444eb41a6,True,hyperparameter_optimization,2026-08-05 07:49:23.154000+00:00,2026-08-05 08:07:28.228000+00:00
"InceptionResNetV2 | dl:2, du1:512, du2:512, dr:0.5, opt:AdamW, lr:0.0005875630121599491, wd:1.3921764477361778e-05, bs:16",InceptionResNetV2,33.0,completed,2,512.0,512.0,0.5,AdamW,0.0005875630121599,1.3921764477361778e-05,16,25.0,0.7857142686843872,0.6634146571159363,0.5326282382011414,0.846605122089386,0.8266245126724243,0.7948717948717948,0.6560975609756098,0.8063955995061024,0.6657561849911018,0.7948717948717948,0.6560975609756098,0.7955286812458204,0.6580640739252,2,5b807a6695a7484d989b7469fdf30aa9,True,hyperparameter_optimization,2026-08-05 06:54:37.187000+00:00,2026-08-05 07:49:21.832000+00:00
"InceptionResNetV2 | dl:2, du1:512, du2:512, dr:0.5, opt:AdamW, lr:0.0009365375333453727, wd:1.0257195259906602e-05, bs:16",InceptionResNetV2,32.0,completed,2,512.0,512.0,0.5,AdamW,0.0009365375333453,1.0257195259906602e-05,16,32.0,0.7851037979125977,0.6609756350517273,0.5279714465141296,0.8207902908325195,0.7891027927398682,0.8235653235653235,0.6609756097560976,0.8280398658944643,0.6688713687212847,0.8235653235653235,0.6609756097560976,0.8228552476374686,0.6630254668770318,2,f44e498029bc44ddbcf6536273151006,True,hyperparameter_optimization,2026-08-05 05:45:21.772000+00:00,2026-08-05 06:54:35.907000+00:00
"InceptionResNetV2 | dl:0, dr:0.5, opt:AdamW, lr:4.376622342802501e-05, wd:7.72320332187177e-07, bs:16",InceptionResNetV2,31.0,pruned,0,,,0.5,AdamW,4.376622342802501e-05,7.72320332187177e-07,16,8.0,0.3968254029750824,0.5658536553382874,1.4830832481384275,1.2350497245788574,,,,,,,,,,2,824d2c1f91f2473d9d5fc084ba62e928,True,hyperparameter_optimization,2026-08-05 05:29:16.666000+00:00,2026-08-05 05:45:20.401000+00:00
"InceptionResNetV2 | dl:2, du1:512, du2:64, dr:0.4, opt:Adam, lr:4.042616317830947e-05, bs:16",InceptionResNetV2,30.0,pruned,2,512.0,64.0,0.4,Adam,4.042616317830947e-05,,16,8.0,0.5573870539665222,0.6243902444839478,1.095014572143555,0.9679409265518188,,,,,,,,,,2,81c91121169748a5a74e5495708a9e7b,True,hyperparameter_optimization,2026-08-05 05:13:11.670000+00:00,2026-08-05 05:29:15.478000+00:00
"InceptionResNetV2 | dl:1, du1:512, dr:0.5, opt:AdamW, lr:9.611964428115969e-05, wd:5.2922759330154854e-06, bs:16",InceptionResNetV2,29.0,pruned,1,512.0,,0.5,AdamW,9.611964428115968e-05,5.292275933015485e-06,16,8.0,0.6831501722335815,0.6170731782913208,0.79204261302948,0.9566451907157898,,,,,,,,,,2,8f328774bfdb44d5b2f6b34133fa935b,True,hyperparameter_optimization,2026-08-05 04:56:57.586000+00:00,2026-08-05 05:13:10.348000+00:00
"InceptionResNetV2 | dl:2, du1:512, du2:512, dr:0.4, opt:AdamW, lr:0.0002889679338874794, wd:5.2265891927448384e-05, bs:16",InceptionResNetV2,28.0,pruned,2,512.0,512.0,0.4,AdamW,0.0002889679338874,5.2265891927448384e-05,16,13.0,0.7332112193107605,0.6146341562271118,0.6616503596305847,0.8586462140083313,,,,,,,,,,2,1afc5bbe305e46c4836aef0b155f4bc7,True,hyperparameter_optimization,2026-08-05 04:30:50.640000+00:00,2026-08-05 04:56:56.238000+00:00
"InceptionResNetV2 | dl:2, du1:256, du2:512, dr:0.5, opt:Adam, lr:0.000983665779982783, bs:16",InceptionResNetV2,27.0,pruned,2,256.0,512.0,0.5,Adam,0.0009836657799827,,16,9.0,0.6196581125259399,0.6121951341629028,0.8892084360122681,0.8971985578536987,,,,,,,,,,2,ae664da0e35543dd97f66624286588f1,True,hyperparameter_optimization,2026-08-05 04:12:09.332000+00:00,2026-08-05 04:30:49.160000+00:00
"InceptionResNetV2 | dl:2, du1:512, du2:512, dr:0.4, opt:AdamW, lr:0.0005422316352158951, wd:6.142098816429653e-06, bs:16",InceptionResNetV2,26.0,completed,2,512.0,512.0,0.4,AdamW,0.0005422316352158,6.142098816429653e-06,16,23.0,0.8162392973899841,0.6804878115653992,0.4698925018310547,0.8494231700897217,0.8061758875846863,0.7869352869352869,0.6609756097560976,0.7978688795755567,0.6714437565457282,0.7869352869352869,0.6609756097560976,0.7869418386116749,0.6604275842750803,2,b5206b9cb0bd4c26be5eea09b2917651,True,hyperparameter_optimization,2026-08-05 03:21:33.234000+00:00,2026-08-05 04:12:08.044000+00:00
"InceptionResNetV2 | dl:2, du1:512, du2:128, dr:0.5, opt:AdamW, lr:0.0009761264562751815, wd:7.875771702039501e-07, bs:16",InceptionResNetV2,25.0,completed,2,512.0,128.0,0.5,AdamW,0.0009761264562751,7.875771702039501e-07,16,33.0,0.7722832560539246,0.6756097674369812,0.5751304626464844,0.8430959582328796,0.8136710524559021,0.8034188034188035,0.6731707317073171,0.8049364890920472,0.6719255981190261,0.8034188034188035,0.6731707317073171,0.7993454609038161,0.6698885557872574,2,7af70727f9c747898b81d0550a44e6ee,True,hyperparameter_optimization,2026-08-05 02:11:04.845000+00:00,2026-08-05 03:21:31.687000+00:00
"InceptionResNetV2 | dl:2, du1:512, du2:512, dr:0.5, opt:AdamW, lr:0.00013613099858633524, wd:6.232717066189769e-05, bs:16",InceptionResNetV2,24.0,completed,2,512.0,512.0,0.5,AdamW,0.0001361309985863,6.232717066189769e-05,16,34.0,0.7991452813148499,0.6804878115653992,0.5386109352111816,0.8129951357841492,0.8081900477409363,0.8284493284493285,0.6609756097560976,0.8305233437036196,0.6597106258864504,0.8284493284493285,0.6609756097560976,0.8267592390042336,0.6587258676643545,2,e680f7b2f93645a995e9e59b9fd6a7fe,True,hyperparameter_optimization,2026-08-05 00:58:09.937000+00:00,2026-08-05 02:11:03.339000+00:00
"InceptionResNetV2 | dl:2, du1:512, du2:512, dr:0.5, opt:AdamW, lr:0.0004722267179839677, wd:5.565090142279162e-06, bs:16",InceptionResNetV2,23.0,pruned,2,512.0,512.0,0.5,AdamW,0.0004722267179839,5.565090142279162e-06,16,14.0,0.6807081699371338,0.6463414430618286,0.7707659006118774,0.8621969819068909,,,,,,,,,,2,a305bdbb72ac4ab0a8d2c61fb15618e8,True,hyperparameter_optimization,2026-08-05 00:29:52.049000+00:00,2026-08-05 00:58:08.479000+00:00
"InceptionResNetV2 | dl:2, du1:512, du2:512, dr:0.5, opt:AdamW, lr:0.0009202592920301748, wd:9.510626730453652e-06, bs:16",InceptionResNetV2,22.0,completed,2,512.0,512.0,0.5,AdamW,0.0009202592920301,9.510626730453652e-06,16,30.0,0.7869352698326111,0.6560975313186646,0.5452821850776672,0.8112903237342834,0.791522204875946,0.8040293040293041,0.6585365853658537,0.8082376206674293,0.6567419451972298,0.8040293040293041,0.6585365853658537,0.8013186619907346,0.6557557452210969,2,3fd9621419a94b318168589cbdb0d5b8,True,hyperparameter_optimization,2026-08-04 23:25:29.176000+00:00,2026-08-05 00:29:50.553000+00:00
"InceptionResNetV2 | dl:2, du1:512, du2:64, dr:0.5, opt:AdamW, lr:0.0003467747361045379, wd:2.2135593933755026e-07, bs:16",InceptionResNetV2,21.0,pruned,2,512.0,64.0,0.5,AdamW,0.0003467747361045,2.2135593933755026e-07,16,8.0,0.593406617641449,0.6341463327407837,1.014340877532959,0.9368924498558044,,,,,,,,,,2,2eb98b7d22794f4b8e4a627eb96e5c06,True,hyperparameter_optimization,2026-08-04 23:09:18.804000+00:00,2026-08-04 23:25:27.495000+00:00
"InceptionResNetV2 | dl:2, du1:256, du2:512, dr:0.4, opt:AdamW, lr:0.00040183694623162114, wd:2.3761634116826698e-06, bs:16",InceptionResNetV2,20.0,completed,2,256.0,512.0,0.4,AdamW,0.0004018369462316,2.3761634116826698e-06,16,27.0,0.7899878025054932,0.6682927012443542,0.507271945476532,0.8541179299354553,0.8101372718811035,0.8192918192918193,0.651219512195122,0.8235567238823162,0.6560840844513137,0.8192918192918193,0.651219512195122,0.8178458276204238,0.650102318808215,2,b3f6ee7dcebb49ef904714ba81d72f99,True,hyperparameter_optimization,2026-08-04 22:10:43.591000+00:00,2026-08-04 23:09:17.224000+00:00
"InceptionResNetV2 | dl:2, du1:512, du2:512, dr:0.30000000000000004, opt:AdamW, lr:6.658547315462709e-05, wd:0.0001381087667010682, bs:16",InceptionResNetV2,19.0,pruned,2,512.0,512.0,0.3,AdamW,6.658547315462709e-05,0.000138108766701,16,9.0,0.6819291710853577,0.6414633989334106,0.7860032916069031,0.887341320514679,,,,,,,,,,2,025dbd4c727f41d387ee244235cd08b7,True,hyperparameter_optimization,2026-08-04 21:52:34.145000+00:00,2026-08-04 22:10:41.810000+00:00
"InceptionResNetV2 | dl:0, dr:0.5, opt:AdamW, lr:0.00038147749606236986, wd:0.00035135743069843287, bs:16",InceptionResNetV2,18.0,pruned,0,,,0.5,AdamW,0.0003814774960623,0.0003513574306984,16,8.0,0.6141636371612549,0.6097561120986938,0.9794763326644896,0.9740049839019777,,,,,,,,,,2,3ac0cfa3c34d4d4083faf11923d08abf,True,hyperparameter_optimization,2026-08-04 21:36:29.171000+00:00,2026-08-04 21:52:32.714000+00:00
"InceptionResNetV2 | dl:2, du1:512, du2:64, dr:0.5, opt:AdamW, lr:7.843089381667477e-05, wd:1.6308200081663438e-06, bs:16",InceptionResNetV2,17.0,pruned,2,512.0,64.0,0.5,AdamW,7.843089381667477e-05,1.6308200081663438e-06,16,8.0,0.5409035682678223,0.5926828980445862,1.1296751499176023,1.0142862796783447,,,,,,,,,,2,3c5244561ccc43b69621ecc5a630c05d,True,hyperparameter_optimization,2026-08-04 21:20:18.407000+00:00,2026-08-04 21:36:27.941000+00:00
"InceptionResNetV2 | dl:2, du1:512, du2:512, dr:0.5, opt:AdamW, lr:0.00019558188019587575, wd:2.1800467968677944e-06, bs:16",InceptionResNetV2,16.0,completed,2,512.0,512.0,0.5,AdamW,0.0001955818801958,2.1800467968677944e-06,16,21.0,0.7680097818374634,0.6658536791801453,0.5883437395095825,0.8481772541999817,0.8180957436561584,0.7680097680097681,0.6439024390243903,0.7679776568456187,0.642196342305038,0.7680097680097681,0.6439024390243903,0.7654126063673581,0.6418388213984149,2,87dd8b52cc164803aea7f13280ed2db1,True,hyperparameter_optimization,2026-08-04 20:33:47.303000+00:00,2026-08-04 21:20:16.926000+00:00
"InceptionResNetV2 | dl:2, du1:512, du2:512, dr:0.5, opt:AdamW, lr:0.00017709649755218442, wd:5.337570742714176e-07, bs:16",InceptionResNetV2,15.0,completed,2,512.0,512.0,0.5,AdamW,0.0001770964975521,5.337570742714176e-07,16,27.0,0.7967032790184021,0.6585366129875183,0.5444086790084839,0.8301212787628174,0.813143789768219,0.8083028083028083,0.651219512195122,0.8127597923006984,0.6537810769501016,0.8083028083028083,0.651219512195122,0.8073886704533566,0.6500137674243456,2,6793f6b66a294abea32b1a187649a2f1,True,hyperparameter_optimization,2026-08-04 19:35:04.519000+00:00,2026-08-04 20:33:45.739000+00:00
"InceptionResNetV2 | dl:2, du1:512, du2:512, dr:0.5, opt:AdamW, lr:0.00021658998516438537, wd:1.9384013252511414e-06, bs:16",InceptionResNetV2,14.0,completed,2,512.0,512.0,0.5,AdamW,0.0002165899851643,1.938401325251141e-06,16,27.0,0.7948718070983887,0.6658536791801453,0.5131809711456299,0.8334829211235046,0.7949032783508301,0.8089133089133089,0.6926829268292682,0.8080352065329252,0.694793237990876,0.8089133089133089,0.6926829268292682,0.805499419804739,0.6894993582279659,2,8dbb012e8f2b4ae7b258988cb6bac1ee,True,hyperparameter_optimization,2026-08-04 18:35:38.861000+00:00,2026-08-04 19:35:02.989000+00:00
"InceptionResNetV2 | dl:2, du1:512, du2:512, dr:0.5, opt:AdamW, lr:0.0009276283323572035, wd:1.221839123616926e-05, bs:16",InceptionResNetV2,13.0,completed,2,512.0,512.0,0.5,AdamW,0.0009276283323572,1.221839123616926e-05,16,27.0,0.7655677795410156,0.6658536791801453,0.583342432975769,0.8121263384819031,0.7981563210487366,0.8113553113553114,0.6560975609756098,0.8152864063004838,0.6601481291580257,0.8113553113553114,0.6560975609756098,0.8116332308968339,0.656856692012693,2,5d9d4f4ffbe34526915e4c8295909ba9,True,hyperparameter_optimization,2026-08-04 17:37:02.164000+00:00,2026-08-04 18:35:37.181000+00:00
"InceptionResNetV2 | dl:2, du1:512, du2:512, dr:0.5, opt:AdamW, lr:0.0009043055914927877, wd:1.1559510104542444e-05, bs:16",InceptionResNetV2,12.0,completed,2,512.0,512.0,0.5,AdamW,0.0009043055914927,1.1559510104542444e-05,16,37.0,0.8003662824630737,0.6658536791801453,0.501039445400238,0.8172984719276428,0.7955573797225952,0.8253968253968254,0.6731707317073171,0.8307028230436698,0.6708953134757595,0.8253968253968254,0.6731707317073171,0.8222959159404942,0.6678181226867006,2,a66ef58783784f31b492e07e685cdb69,True,hyperparameter_optimization,2026-08-04 16:18:17.612000+00:00,2026-08-04 17:37:00.734000+00:00
"InceptionResNetV2 | dl:0, dr:0.30000000000000004, opt:AdamW, lr:3.664762714724702e-05, wd:0.004282250977575124, bs:32",InceptionResNetV2,11.0,pruned,0,,,0.3,AdamW,3.664762714724702e-05,0.0042822509775751,32,8.0,0.380952388048172,0.4756097495555877,1.5382736921310425,1.4163682460784912,,,,,,,,,,2,74b45e82d538423f9b2fb7034aae7028,True,hyperparameter_optimization,2026-08-04 15:58:16.852000+00:00,2026-08-04 16:18:15.948000+00:00
"InceptionResNetV2 | dl:2, du1:64, du2:128, dr:0.30000000000000004, opt:Adam, lr:2.4152693847080165e-05, bs:32",InceptionResNetV2,10.0,pruned,2,64.0,128.0,0.3,Adam,2.4152693847080165e-05,,32,8.0,0.3229548335075378,0.4170731604099273,1.61652934551239,1.5575069189071655,,,,,,,,,,2,444947b38c694b3c953b1da9ed34b076,True,hyperparameter_optimization,2026-08-04 15:38:17.937000+00:00,2026-08-04 15:58:15.455000+00:00
"InceptionResNetV2 | dl:1, du1:128, dr:0.2, opt:Adam, lr:1.3622410783931968e-05, bs:32",InceptionResNetV2,9.0,pruned,1,128.0,,0.2,Adam,1.3622410783931968e-05,,32,8.0,0.4932844936847687,0.5463414788246155,1.3332394361495972,1.2358506917953491,,,,,,,,,,2,4ebf41533c014c479e79cf61acd9cbaa,True,hyperparameter_optimization,2026-08-04 15:18:16.253000+00:00,2026-08-04 15:38:16.573000+00:00
"InceptionResNetV2 | dl:1, du1:64, dr:0.5, opt:AdamW, lr:0.0006492284276816792, wd:1.2408709217378583e-05, bs:16",InceptionResNetV2,8.0,completed,1,64.0,,0.5,AdamW,0.0006492284276816,1.2408709217378583e-05,16,43.0,0.7142857313156128,0.6658536791801453,0.7001445889472961,0.8224299550056458,0.8188074827194214,0.8034188034188035,0.6560975609756098,0.8070595677639643,0.6592969059987636,0.8034188034188035,0.6560975609756098,0.8009492545115403,0.6542442503412143,2,cfb6f17b7e4640eda043c10a62d400d0,True,hyperparameter_optimization,2026-08-04 13:48:05.565000+00:00,2026-08-04 15:18:15.091000+00:00
"InceptionResNetV2 | dl:1, du1:64, dr:0.5, opt:AdamW, lr:0.00021358116032948408, wd:0.0007684617650615006, bs:16",InceptionResNetV2,7.0,completed,1,64.0,,0.5,AdamW,0.0002135811603294,0.0007684617650615,16,53.0,0.7472527623176575,0.6609756350517273,0.6638799905776978,0.8461087942123413,0.8366311192512512,0.8058608058608059,0.6609756097560976,0.8081945608516468,0.6594380574672822,0.8058608058608059,0.6609756097560976,0.804095686245319,0.6593544194324609,2,6cfd76fb4d0e4b7688e233fbfa098c64,True,hyperparameter_optimization,2026-08-04 11:58:04.164000+00:00,2026-08-04 13:48:04.260000+00:00
"InceptionResNetV2 | dl:1, du1:256, dr:0.4, opt:AdamW, lr:1.621924770154008e-05, wd:1.2064349043122843e-07, bs:16",InceptionResNetV2,6.0,completed,1,256.0,,0.4,AdamW,1.621924770154008e-05,1.2064349043122845e-07,16,50.0,0.6886447072029114,0.6365853548049927,0.8182100057601929,0.9173439741134644,0.9143899083137512,0.7332112332112332,0.6365853658536585,0.7385835189569899,0.6436761889419054,0.7332112332112332,0.6365853658536585,0.7306026688734719,0.6363331317196761,2,7d2578ef0377458babc329f932f2f74d,True,hyperparameter_optimization,2026-08-04 10:13:46.434000+00:00,2026-08-04 11:58:02.875000+00:00
"InceptionResNetV2 | dl:1, du1:64, dr:0.2, opt:Adam, lr:0.0001904323445876234, bs:32",InceptionResNetV2,5.0,completed,1,64.0,,0.2,Adam,0.0001904323445876,,32,39.0,0.7728937864303589,0.6439024209976196,0.6035888195037842,0.8635280132293701,0.8535404801368713,0.793040293040293,0.651219512195122,0.7977008971807873,0.6498926618117244,0.793040293040293,0.651219512195122,0.7904440850878999,0.6486266670926975,2,62f7060ebab2406490a3123f39d512c5,True,hyperparameter_optimization,2026-08-04 08:33:12.484000+00:00,2026-08-04 10:13:45.005000+00:00
"InceptionResNetV2 | dl:2, du1:64, du2:256, dr:0.4, opt:AdamW, lr:0.0007923381888158849, wd:2.4154715683457484e-05, bs:32",InceptionResNetV2,4.0,completed,2,64.0,256.0,0.4,AdamW,0.0007923381888158,2.4154715683457484e-05,32,30.0,0.7466422319412231,0.6512194871902466,0.6341218948364258,0.8287463784217834,0.8267521262168884,0.793040293040293,0.6390243902439025,0.8020192833803443,0.6347859760991713,0.793040293040293,0.6390243902439025,0.7893090201059696,0.6318993336352461,2,29723479bac247f58a0c1f5d3aeeb27a,True,hyperparameter_optimization,2026-08-04 07:13:45.811000+00:00,2026-08-04 08:33:11.396000+00:00
"InceptionResNetV2 | dl:1, du1:128, dr:0.4, opt:Adam, lr:0.00018682639378722106, bs:16",InceptionResNetV2,3.0,completed,1,128.0,,0.4,Adam,0.0001868263937872,,16,31.0,0.7948718070983887,0.6463414430618286,0.543188214302063,0.8471966981887817,0.8382909297943115,0.8211233211233211,0.6609756097560976,0.8206562775269184,0.6592602931115453,0.8211233211233211,0.6609756097560976,0.8179636338507608,0.6587346284048131,2,ec186093b2714e90954358cec530ac22,True,hyperparameter_optimization,2026-08-04 06:07:25.378000+00:00,2026-08-04 07:13:44.464000+00:00
"InceptionResNetV2 | dl:2, du1:64, du2:256, dr:0.4, opt:AdamW, lr:0.0007923381888158849, wd:2.4154715683457484e-05, bs:32",InceptionResNetV2,1.0,completed,2,64.0,256.0,0.4,AdamW,0.0007923381888158,2.4154715683457484e-05,32,33.0,0.7551892399787903,0.6463414430618286,0.6261355876922607,0.8345140218734741,0.8131749033927917,0.8046398046398047,0.6536585365853659,0.8068052687293492,0.6512956903964994,0.8046398046398047,0.6536585365853659,0.799802447059413,0.6490998195523505,2,52ce50cd51bb403c99dced67caefc2da,True,hyperparameter_optimization,2026-08-04 01:14:18.810000+00:00,2026-08-04 02:41:32.314000+00:00
"InceptionResNetV2 | dl:1, du1:128, dr:0.4, opt:Adam, lr:0.00018682639378722106, bs:16",InceptionResNetV2,0.0,completed,1,128.0,,0.4,Adam,0.0001868263937872,,16,31.0,0.807692289352417,0.6609756350517273,0.5216370224952698,0.8538221120834351,0.8376570343971252,0.8137973137973138,0.6536585365853659,0.815403383892832,0.6562125667876744,0.8137973137973138,0.6536585365853659,0.8118340305710643,0.6540362958184769,2,976bbb29c2034bd3bca38bc144cab203,True,hyperparameter_optimization,2026-08-04 00:06:57.862000+00:00,2026-08-04 01:14:17.496000+00:00
