runName,architecture,optuna_trial,status,conv_layers,filters_layer_1,filters_layer_2,filters_layer_3,kernel_size,strides,dense_layers,dense_units_1,dense_units_2,dropout_rate,optimizer,learning_rate,weight_decay,batch_size,epochs,accuracy,val_accuracy,loss,val_loss,best_val_loss,accuracy_train,accuracy_val,precision_train,precision_val,recall_train,recall_val,f1_train,f1_val,experiment_id,run_id,augmentation,stage,start_time,end_time
"CustomCNN | cl:3, fl1:32, fl2:32, fl3:64, ks:5, st:2, dl:1, du1:128, dr:0.5, opt:AdamW, lr:0.0002531182678644998, wd:0.0003855372733334478, bs:32",CustomCNN,99.0,pruned,3.0,32.0,32.0,64.0,5.0,2.0,1,128.0,,0.5,AdamW,0.0002531182678644,0.0003855372733334,32,26.0,0.6562881469726562,0.6000000238418579,0.9145437479019164,0.9672698974609376,,,,,,,,,,3,8aa98c8088ff46c79cac1771fb9c3441,False,hyperparameter_optimization,2026-08-17 20:58:32.791000+00:00,2026-08-17 21:19:22.567000+00:00
"CustomCNN | cl:3, fl1:32, fl2:128, fl3:128, ks:5, st:2, dl:1, du1:128, dr:0.5, opt:AdamW, lr:0.0003547453416758454, wd:0.00024962853090495845, bs:32",CustomCNN,98.0,completed,3.0,32.0,128.0,128.0,5.0,2.0,1,128.0,,0.5,AdamW,0.0003547453416758,0.0002496285309049,32,65.0,0.7484737634658813,0.6414633989334106,0.6761594414710999,0.826793372631073,0.8233845829963684,0.8101343101343101,0.6487804878048781,0.8129136738643717,0.6394946827901963,0.8101343101343101,0.6487804878048781,0.8097479315281365,0.6409987777582947,3,03bb23314e5542758aed846d466f2906,False,hyperparameter_optimization,2026-08-17 19:56:41.076000+00:00,2026-08-17 20:58:30.743000+00:00
"CustomCNN | cl:3, fl1:32, fl2:16, fl3:128, ks:5, st:2, dl:1, du1:128, dr:0.5, opt:AdamW, lr:0.00030358456009235696, wd:0.00012537523018826252, bs:32",CustomCNN,97.0,pruned,3.0,32.0,16.0,128.0,5.0,2.0,1,128.0,,0.5,AdamW,0.0003035845600923,0.0001253752301882,32,26.0,0.653235673904419,0.6000000238418579,0.929158627986908,0.970316469669342,,,,,,,,,,3,63b36f8759824fb88fe1dee7e0011fff,False,hyperparameter_optimization,2026-08-17 19:36:12.474000+00:00,2026-08-17 19:56:38.818000+00:00
"CustomCNN | cl:3, fl1:64, fl2:64, fl3:128, ks:5, st:2, dl:1, du1:32, dr:0.5, opt:AdamW, lr:0.0002558242437702476, wd:0.00018457205506601501, bs:32",CustomCNN,96.0,pruned,3.0,64.0,64.0,128.0,5.0,2.0,1,32.0,,0.5,AdamW,0.0002558242437702,0.000184572055066,32,11.0,0.5128205418586731,0.5097560882568359,1.2014554738998413,1.237890601158142,,,,,,,,,,3,c65cfb8522f94b3580afcade722ecf35,False,hyperparameter_optimization,2026-08-17 19:18:56.775000+00:00,2026-08-17 19:36:10.358000+00:00
"CustomCNN | cl:3, fl1:32, fl2:128, fl3:128, ks:5, st:2, dl:1, du1:128, dr:0.5, opt:AdamW, lr:0.0004815213010223865, wd:0.0005595054246325755, bs:32",CustomCNN,95.0,pruned,3.0,32.0,128.0,128.0,5.0,2.0,1,128.0,,0.5,AdamW,0.0004815213010223,0.0005595054246325,32,8.0,0.579365074634552,0.4634146392345428,1.0870966911315918,1.263533115386963,,,,,,,,,,3,4984edb296e14ab0896cd2f85b66b156,False,hyperparameter_optimization,2026-08-17 19:11:17.731000+00:00,2026-08-17 19:18:54.637000+00:00
"CustomCNN | cl:3, fl1:32, fl2:128, fl3:128, ks:5, st:2, dl:1, du1:128, dr:0.5, opt:AdamW, lr:3.624316892755421e-05, wd:0.00028484268996080577, bs:32",CustomCNN,94.0,pruned,3.0,32.0,128.0,128.0,5.0,2.0,1,128.0,,0.5,AdamW,3.624316892755421e-05,0.0002848426899608,32,8.0,0.5012210011482239,0.5341463685035706,1.2778233289718628,1.2274991273880005,,,,,,,,,,3,ef834b9588b249e6a3c5199cc880aac1,False,hyperparameter_optimization,2026-08-17 19:03:38.895000+00:00,2026-08-17 19:11:15.467000+00:00
"CustomCNN | cl:3, fl1:32, fl2:128, fl3:128, ks:5, st:2, dl:1, du1:128, dr:0.5, opt:AdamW, lr:0.00017900525234923012, wd:0.00020884854052143637, bs:32",CustomCNN,93.0,pruned,3.0,32.0,128.0,128.0,5.0,2.0,1,128.0,,0.5,AdamW,0.0001790052523492,0.0002088485405214,32,8.0,0.5818070769309998,0.4585365951061249,1.1011382341384888,1.2774670124053955,,,,,,,,,,3,886678d590fe4e0c834ca19b2514d766,False,hyperparameter_optimization,2026-08-17 18:56:00.251000+00:00,2026-08-17 19:03:36.639000+00:00
"CustomCNN | cl:3, fl1:32, fl2:128, fl3:128, ks:5, st:2, dl:1, du1:128, dr:0.5, opt:AdamW, lr:0.00019591971049830786, wd:0.0003368247467396074, bs:32",CustomCNN,92.0,pruned,3.0,32.0,128.0,128.0,5.0,2.0,1,128.0,,0.5,AdamW,0.0001959197104983,0.0003368247467396,32,42.0,0.702075719833374,0.6243902444839478,0.8235154151916504,0.8726716041564941,,,,,,,,,,3,cfb9557d33b7463ba88ac0f572754ff0,False,hyperparameter_optimization,2026-08-17 18:16:20.579000+00:00,2026-08-17 18:55:58.258000+00:00
"CustomCNN | cl:3, fl1:32, fl2:128, fl3:128, ks:5, st:2, dl:1, du1:128, dr:0.5, opt:AdamW, lr:0.0002624378465442558, wd:0.0002551796647122262, bs:32",CustomCNN,91.0,pruned,3.0,32.0,128.0,128.0,5.0,2.0,1,128.0,,0.5,AdamW,0.0002624378465442,0.0002551796647122,32,8.0,0.583638608455658,0.4804877936840057,1.0927679538726809,1.2391386032104492,,,,,,,,,,3,320c972b1b30439cb86144e56f735686,False,hyperparameter_optimization,2026-08-17 18:08:42.053000+00:00,2026-08-17 18:16:18.443000+00:00
"CustomCNN | cl:3, fl1:32, fl2:128, fl3:128, ks:5, st:2, dl:1, du1:128, dr:0.5, opt:AdamW, lr:0.00038079155261404026, wd:6.596656277714074e-05, bs:32",CustomCNN,90.0,pruned,3.0,32.0,128.0,128.0,5.0,2.0,1,128.0,,0.5,AdamW,0.000380791552614,6.596656277714074e-05,32,38.0,0.7094017267227173,0.6317073106765747,0.7994908690452576,0.8803980350494385,,,,,,,,,,3,fca95e31632444f7bfc2b6cbb6811e6c,False,hyperparameter_optimization,2026-08-17 17:32:47.691000+00:00,2026-08-17 18:08:39.918000+00:00
"CustomCNN | cl:3, fl1:16, fl2:128, fl3:128, ks:5, st:1, dl:1, du1:64, dr:0.5, opt:Adam, lr:2.8743888355769794e-05, bs:16",CustomCNN,89.0,pruned,3.0,16.0,128.0,128.0,5.0,1.0,1,64.0,,0.5,Adam,2.87438883557698e-05,,16,8.0,0.4163614213466644,0.4878048896789551,1.4611386060714722,1.3063604831695557,,,,,,,,,,3,c179ccf19cf347c7a969a62372732bfa,False,hyperparameter_optimization,2026-08-17 16:36:39.677000+00:00,2026-08-17 17:32:45.557000+00:00
"CustomCNN | cl:3, fl1:32, fl2:128, fl3:128, ks:5, st:2, dl:1, du1:128, dr:0.5, opt:AdamW, lr:0.00025763408014901234, wd:0.00025610058687358737, bs:32",CustomCNN,88.0,completed,3.0,32.0,128.0,128.0,5.0,2.0,1,128.0,,0.5,AdamW,0.000257634080149,0.0002561005868735,32,57.0,0.7509157657623291,0.6731707453727722,0.6878372430801392,0.8232883214950562,0.8229320049285889,0.8168498168498168,0.6731707317073171,0.8171041282057631,0.6678474019633941,0.8168498168498168,0.6731707317073171,0.8156059606559432,0.6673054826783031,3,ee4fb156f5974d6a9dde619ecac0b6a4,False,hyperparameter_optimization,2026-08-17 15:42:28.817000+00:00,2026-08-17 16:36:37.682000+00:00
"CustomCNN | cl:3, fl1:128, fl2:128, fl3:128, ks:5, st:2, dl:1, du1:128, dr:0.5, opt:AdamW, lr:0.00044676962799073045, wd:0.00016312825931176196, bs:32",CustomCNN,87.0,pruned,3.0,128.0,128.0,128.0,5.0,2.0,1,128.0,,0.5,AdamW,0.0004467696279907,0.0001631282593117,32,8.0,0.5818070769309998,0.3731707334518432,1.094078540802002,1.940988540649414,,,,,,,,,,3,2a938c664f1f41a3a1fa2f51b42d314d,False,hyperparameter_optimization,2026-08-17 15:16:58.567000+00:00,2026-08-17 15:42:26.730000+00:00
"CustomCNN | cl:1, fl1:32, ks:5, st:2, dl:1, du1:128, dr:0.5, opt:AdamW, lr:0.00023098027129860556, wd:0.00020017599702345143, bs:32",CustomCNN,86.0,pruned,1.0,32.0,,,5.0,2.0,1,128.0,,0.5,AdamW,0.0002309802712986,0.0002001759970234,32,8.0,0.3949939012527466,0.3902438879013061,1.5127618312835691,1.460862159729004,,,,,,,,,,3,73eb188181f74135af7415098a75acec,False,hyperparameter_optimization,2026-08-17 15:11:02.155000+00:00,2026-08-17 15:16:56.511000+00:00
"CustomCNN | cl:3, fl1:32, fl2:128, fl3:128, ks:5, st:2, dl:1, du1:128, dr:0.5, opt:AdamW, lr:0.0003263917637006948, wd:0.0001099351341366764, bs:32",CustomCNN,85.0,pruned,3.0,32.0,128.0,128.0,5.0,2.0,1,128.0,,0.5,AdamW,0.0003263917637006,0.0001099351341366,32,54.0,0.7203907370567322,0.6439024209976196,0.7428494691848755,0.85005784034729,,,,,,,,,,3,38201d02dc2b4f2ba2e978c45a799b9e,False,hyperparameter_optimization,2026-08-17 14:20:04.013000+00:00,2026-08-17 15:11:00.349000+00:00
"CustomCNN | cl:3, fl1:32, fl2:128, fl3:128, ks:5, st:2, dl:1, du1:128, dr:0.5, opt:AdamW, lr:0.00032178038807563605, wd:0.0001958323868834605, bs:32",CustomCNN,84.0,completed,3.0,32.0,128.0,128.0,5.0,2.0,1,128.0,,0.5,AdamW,0.0003217803880756,0.0001958323868834,32,75.0,0.791208803653717,0.6707317233085632,0.612048864364624,0.794485330581665,0.7918252348899841,0.8241758241758241,0.6707317073170732,0.8284914221611273,0.6678949981583328,0.8241758241758241,0.6707317073170732,0.8243651333745756,0.6667807626309676,3,c8d386e6c40b4a0fb1044c51c0aae0f1,False,hyperparameter_optimization,2026-08-17 13:09:06.159000+00:00,2026-08-17 14:20:01.961000+00:00
"CustomCNN | cl:3, fl1:32, fl2:128, fl3:128, ks:5, st:2, dl:1, du1:128, dr:0.5, opt:AdamW, lr:0.00031887222789587637, wd:0.0002867383306471556, bs:32",CustomCNN,83.0,completed,3.0,32.0,128.0,128.0,5.0,2.0,1,128.0,,0.5,AdamW,0.0003188722278958,0.0002867383306471,32,68.0,0.7649572491645813,0.6463414430618286,0.6645705103874207,0.8165248036384583,0.8147552013397217,0.8241758241758241,0.6658536585365854,0.8284404658748614,0.659223856106865,0.8241758241758241,0.6658536585365854,0.8240252313442069,0.6575783839389754,3,b1832dd498d84f64a01838970fdd15c5,False,hyperparameter_optimization,2026-08-17 12:04:42.002000+00:00,2026-08-17 13:09:04.161000+00:00
"CustomCNN | cl:3, fl1:32, fl2:128, fl3:128, ks:5, st:2, dl:1, du1:128, dr:0.5, opt:AdamW, lr:0.0003248398581279808, wd:0.00027302623095506903, bs:32",CustomCNN,82.0,completed,3.0,32.0,128.0,128.0,5.0,2.0,1,128.0,,0.5,AdamW,0.0003248398581279,0.000273026230955,32,65.0,0.7753357887268066,0.6341463327407837,0.6542632579803467,0.8169786930084229,0.8045523166656494,0.8070818070818071,0.6780487804878049,0.8181885432394572,0.6733082236872013,0.8070818070818071,0.6780487804878049,0.8087171604102654,0.6732741176708344,3,8126f54412a64fc7ab2a0f4d1008f2a7,False,hyperparameter_optimization,2026-08-17 11:03:05.722000+00:00,2026-08-17 12:04:39.917000+00:00
"CustomCNN | cl:3, fl1:32, fl2:128, fl3:128, ks:5, st:2, dl:1, du1:128, dr:0.5, opt:AdamW, lr:0.00032090790640233307, wd:0.00029391278221893536, bs:32",CustomCNN,81.0,completed,3.0,32.0,128.0,128.0,5.0,2.0,1,128.0,,0.5,AdamW,0.0003209079064023,0.0002939127822189,32,59.0,0.7503052353858948,0.6439024209976196,0.6924150586128235,0.8411757349967957,0.8328518867492676,0.8089133089133089,0.6658536585365854,0.8140056246372918,0.6634923775492808,0.8089133089133089,0.6658536585365854,0.8091786505976942,0.6632707999672076,3,5b9fa6e960b74deaa3196aacdaf5563c,False,hyperparameter_optimization,2026-08-17 10:07:08.368000+00:00,2026-08-17 11:03:03.584000+00:00
"CustomCNN | cl:3, fl1:32, fl2:128, fl3:16, ks:3, st:2, dl:1, du1:128, dr:0.3, opt:AdamW, lr:0.0009101923684520111, wd:0.000758837079822502, bs:32",CustomCNN,80.0,pruned,3.0,32.0,128.0,16.0,3.0,2.0,1,128.0,,0.3,AdamW,0.000910192368452,0.0007588370798225,32,26.0,0.6599511504173279,0.5804877877235413,0.8845662474632263,0.9946597218513488,,,,,,,,,,3,e323aac5ddcf42019e2f70b3febf7abe,False,hyperparameter_optimization,2026-08-17 09:44:36.349000+00:00,2026-08-17 10:07:06.304000+00:00
"CustomCNN | cl:3, fl1:32, fl2:32, fl3:32, ks:5, st:2, dl:1, du1:128, dr:0.5, opt:AdamW, lr:0.0006516701381484755, wd:0.00042175202543789204, bs:32",CustomCNN,79.0,pruned,3.0,32.0,32.0,32.0,5.0,2.0,1,128.0,,0.5,AdamW,0.0006516701381484,0.0004217520254378,32,11.0,0.6245421171188354,0.4682926833629608,0.9971614480018616,1.3031129837036133,,,,,,,,,,3,49d1092a8b3a47d48714d6d281b4751e,False,hyperparameter_optimization,2026-08-17 09:35:46.950000+00:00,2026-08-17 09:44:34.366000+00:00
"CustomCNN | cl:3, fl1:32, fl2:64, fl3:32, ks:5, st:2, dl:1, du1:32, dr:0.5, opt:AdamW, lr:0.00017551462822074006, wd:0.00014381015304368585, bs:32",CustomCNN,78.0,pruned,3.0,32.0,64.0,32.0,5.0,2.0,1,32.0,,0.5,AdamW,0.0001755146282207,0.0001438101530436,32,8.0,0.4481074512004852,0.353658527135849,1.4284590482711792,1.5447367429733276,,,,,,,,,,3,998f5d5992d3413d95d266e09a9fd318,False,hyperparameter_optimization,2026-08-17 09:29:00.526000+00:00,2026-08-17 09:35:44.890000+00:00
"CustomCNN | cl:3, fl1:64, fl2:128, fl3:64, ks:5, st:2, dl:1, du1:128, dr:0.5, opt:Adam, lr:0.00010650069053571794, bs:16",CustomCNN,77.0,pruned,3.0,64.0,128.0,64.0,5.0,2.0,1,128.0,,0.5,Adam,0.0001065006905357,,16,26.0,0.653235673904419,0.5853658318519592,0.9249981641769408,1.036324381828308,,,,,,,,,,3,d5d8e5d21a674617b94c660922fe8bd3,False,hyperparameter_optimization,2026-08-17 08:45:58.258000+00:00,2026-08-17 09:28:58.497000+00:00
"CustomCNN | cl:3, fl1:32, fl2:128, fl3:128, ks:5, st:2, dl:1, du1:128, dr:0.5, opt:AdamW, lr:0.00035939549626070444, wd:0.00022049266204858496, bs:32",CustomCNN,76.0,pruned,3.0,32.0,128.0,128.0,5.0,2.0,1,128.0,,0.5,AdamW,0.0003593954962607,0.0002204926620485,32,29.0,0.7112331986427307,0.5853658318519592,0.7670726776123047,1.0495729446411133,,,,,,,,,,3,39e20387aef14114b52592896d67fd2c,False,hyperparameter_optimization,2026-08-17 08:18:34.485000+00:00,2026-08-17 08:45:56.361000+00:00
"CustomCNN | cl:3, fl1:16, fl2:16, fl3:128, ks:5, st:2, dl:1, du1:64, dr:0.5, opt:AdamW, lr:0.00023179695711165449, wd:0.00035530732642214324, bs:32",CustomCNN,75.0,pruned,3.0,16.0,16.0,128.0,5.0,2.0,1,64.0,,0.5,AdamW,0.0002317969571116,0.0003553073264221,32,21.0,0.6074481010437012,0.5414634346961975,1.0503392219543457,1.066663384437561,,,,,,,,,,3,970d3563c6c149c780008249b4189033,False,hyperparameter_optimization,2026-08-17 08:08:57.331000+00:00,2026-08-17 08:18:32.448000+00:00
"CustomCNN | cl:3, fl1:128, fl2:128, fl3:128, ks:5, st:2, dl:1, du1:128, dr:0.5, opt:AdamW, lr:0.00011326935599319453, wd:0.0004942080827175012, bs:32",CustomCNN,74.0,pruned,3.0,128.0,128.0,128.0,5.0,2.0,1,128.0,,0.5,AdamW,0.0001132693559931,0.0004942080827175,32,8.0,0.5775336027145386,0.4512194991111755,1.115316390991211,1.3257791996002195,,,,,,,,,,3,bf2f380c44414a31b66102fe9e6733df,False,hyperparameter_optimization,2026-08-17 07:43:27.121000+00:00,2026-08-17 08:08:55.243000+00:00
"CustomCNN | cl:3, fl1:64, fl2:128, fl3:128, ks:5, st:2, dl:1, du1:128, dr:0.5, opt:AdamW, lr:0.00015008773175625496, wd:0.00024074994652996143, bs:32",CustomCNN,73.0,pruned,3.0,64.0,128.0,128.0,5.0,2.0,1,128.0,,0.5,AdamW,0.0001500877317562,0.0002407499465299,32,40.0,0.7124541997909546,0.6121951341629028,0.7888564467430115,0.9044590592384338,,,,,,,,,,3,bf79f4ef8ac047b1ab5b5521eb2af97a,False,hyperparameter_optimization,2026-08-17 06:36:19.002000+00:00,2026-08-17 07:43:25.054000+00:00
"CustomCNN | cl:3, fl1:64, fl2:128, fl3:128, ks:5, st:2, dl:1, du1:128, dr:0.5, opt:AdamW, lr:8.692554574519941e-05, wd:0.000171361997012626, bs:32",CustomCNN,72.0,pruned,3.0,64.0,128.0,128.0,5.0,2.0,1,128.0,,0.5,AdamW,8.692554574519941e-05,0.0001713619970126,32,29.0,0.66300368309021,0.6121951341629028,0.8876315951347351,0.9502547383308412,,,,,,,,,,3,73a2584d28624c9ea0e52ae84c462aa5,False,hyperparameter_optimization,2026-08-17 05:47:38.941000+00:00,2026-08-17 06:36:16.994000+00:00
"CustomCNN | cl:3, fl1:64, fl2:128, fl3:128, ks:5, st:2, dl:1, du1:128, dr:0.5, opt:AdamW, lr:0.00042649781817952496, wd:0.0003623121313340604, bs:32",CustomCNN,71.0,pruned,3.0,64.0,128.0,128.0,5.0,2.0,1,128.0,,0.5,AdamW,0.0004264978181795,0.000362312131334,32,26.0,0.7063491940498352,0.6219512224197388,0.7999818921089172,0.9679054617881776,,,,,,,,,,3,958cd5581a1540ba8659c24bb97ff73c,False,hyperparameter_optimization,2026-08-17 05:04:03.122000+00:00,2026-08-17 05:47:36.882000+00:00
"CustomCNN | cl:3, fl1:64, fl2:128, fl3:128, ks:5, st:2, dl:1, du1:128, dr:0.5, opt:AdamW, lr:0.00022747446482485439, wd:0.00023834827141290486, bs:32",CustomCNN,70.0,pruned,3.0,64.0,128.0,128.0,5.0,2.0,1,128.0,,0.5,AdamW,0.0002274744648248,0.0002383482714129,32,26.0,0.692307710647583,0.5975610017776489,0.8129665851593018,0.954733431339264,,,,,,,,,,3,ea1fc8080bea4994a596cf200341d04c,False,hyperparameter_optimization,2026-08-17 04:20:26.059000+00:00,2026-08-17 05:04:01.099000+00:00
"CustomCNN | cl:3, fl1:64, fl2:128, fl3:128, ks:5, st:2, dl:1, du1:128, dr:0.5, opt:AdamW, lr:0.00021746860079113886, wd:0.0002421394765827157, bs:32",CustomCNN,69.0,completed,3.0,64.0,128.0,128.0,5.0,2.0,1,128.0,,0.5,AdamW,0.0002174686007911,0.0002421394765827,32,65.0,0.7789987921714783,0.6634146571159363,0.6327043771743774,0.8153035044670105,0.8012080788612366,0.8137973137973138,0.6682926829268293,0.8142697547101405,0.6597074453953954,0.8137973137973138,0.6682926829268293,0.8122066016811624,0.6602732898270466,3,1b86e7f912e9462085358c708560a987,False,hyperparameter_optimization,2026-08-17 02:30:53.882000+00:00,2026-08-17 04:20:23.974000+00:00
"CustomCNN | cl:3, fl1:32, fl2:128, fl3:128, ks:5, st:2, dl:1, du1:128, dr:0.5, opt:AdamW, lr:0.0002917767647350254, wd:0.00011190304027470988, bs:32",CustomCNN,68.0,completed,3.0,32.0,128.0,128.0,5.0,2.0,1,128.0,,0.5,AdamW,0.000291776764735,0.0001119030402747,32,65.0,0.7515262365341187,0.6390243768692017,0.7171322107315063,0.841863214969635,0.8383280038833618,0.7918192918192918,0.6463414634146342,0.7927269289688061,0.6382411894237751,0.7918192918192918,0.6463414634146342,0.789929190871552,0.6401426286033761,3,c49405f3585f47e9a3815e61797d9161,False,hyperparameter_optimization,2026-08-17 01:29:28.737000+00:00,2026-08-17 02:30:51.822000+00:00
"CustomCNN | cl:3, fl1:32, fl2:128, fl3:128, ks:5, st:2, dl:1, du1:128, dr:0.5, opt:AdamW, lr:0.00045507797169751614, wd:0.00023003572647315845, bs:32",CustomCNN,67.0,completed,3.0,32.0,128.0,128.0,5.0,2.0,1,128.0,,0.5,AdamW,0.0004550779716975,0.0002300357264731,32,64.0,0.7600732445716858,0.6707317233085632,0.6507793664932251,0.792874276638031,0.7919490933418274,0.8376068376068376,0.6731707317073171,0.8386363214012326,0.6714603443000009,0.8376068376068376,0.6731707317073171,0.8365341616002802,0.6681359663216931,3,7e16b50d67304b89b8a7bc693988ec35,False,hyperparameter_optimization,2026-08-17 00:28:59.633000+00:00,2026-08-17 01:29:26.615000+00:00
"CustomCNN | cl:3, fl1:32, fl2:128, fl3:16, ks:3, st:2, dl:1, du1:128, dr:0.5, opt:AdamW, lr:0.0006873106139499075, wd:1.4878682507554557e-05, bs:32",CustomCNN,66.0,pruned,3.0,32.0,128.0,16.0,3.0,2.0,1,128.0,,0.5,AdamW,0.0006873106139499,1.4878682507554556e-05,32,33.0,0.6849817037582397,0.6024390459060669,0.9070276618003844,0.9295267462730408,,,,,,,,,,3,5e7c22bbc75a4cb2a906cb45aa414e19,False,hyperparameter_optimization,2026-08-17 00:00:31.029000+00:00,2026-08-17 00:28:57.598000+00:00
"CustomCNN | cl:3, fl1:32, fl2:128, fl3:32, ks:3, st:2, dl:1, du1:32, dr:0.5, opt:AdamW, lr:0.0005649237060512915, wd:0.0007239741717669884, bs:32",CustomCNN,65.0,pruned,3.0,32.0,128.0,32.0,3.0,2.0,1,32.0,,0.5,AdamW,0.0005649237060512,0.0007239741717669,32,11.0,0.5079365372657776,0.4707317054271698,1.2189689874649048,1.2684158086776731,,,,,,,,,,3,79c7b32e316e462f8833b8433b6e2e1e,False,hyperparameter_optimization,2026-08-16 23:50:57.571000+00:00,2026-08-17 00:00:28.988000+00:00
"CustomCNN | cl:3, fl1:32, fl2:128, fl3:32, ks:3, st:2, dl:1, du1:128, dr:0.5, opt:AdamW, lr:0.0008698202968619119, wd:0.0003180391110913519, bs:32",CustomCNN,64.0,pruned,3.0,32.0,128.0,32.0,3.0,2.0,1,128.0,,0.5,AdamW,0.0008698202968619,0.0003180391110913,32,26.0,0.6654456853866577,0.6073170900344849,0.904357612133026,1.003678798675537,,,,,,,,,,3,2d57b357c5134140bd217a3618285f06,False,hyperparameter_optimization,2026-08-16 23:28:30.098000+00:00,2026-08-16 23:50:55.501000+00:00
"CustomCNN | cl:3, fl1:32, fl2:128, fl3:32, ks:3, st:2, dl:1, du1:128, dr:0.5, opt:AdamW, lr:0.0006356669926319909, wd:1.5509140220935058e-06, bs:32",CustomCNN,63.0,pruned,3.0,32.0,128.0,32.0,3.0,2.0,1,128.0,,0.5,AdamW,0.0006356669926319,1.5509140220935058e-06,32,36.0,0.6776556968688965,0.6024390459060669,0.8563892245292664,0.9241112470626832,,,,,,,,,,3,ba3bbecdf6f14b79aebfd5071422157f,False,hyperparameter_optimization,2026-08-16 22:57:28.825000+00:00,2026-08-16 23:28:28.018000+00:00
"CustomCNN | cl:3, fl1:32, fl2:128, fl3:32, ks:3, st:2, dl:1, du1:128, dr:0.5, opt:AdamW, lr:0.0008444089174111167, wd:0.0006000598382739891, bs:32",CustomCNN,62.0,pruned,3.0,32.0,128.0,32.0,3.0,2.0,1,128.0,,0.5,AdamW,0.0008444089174111,0.0006000598382739,32,32.0,0.6648351550102234,0.5707316994667053,0.8688241839408875,0.9789923429489136,,,,,,,,,,3,5b6343b0e5d5424891c9145ba7d2d405,False,hyperparameter_optimization,2026-08-16 22:29:53.086000+00:00,2026-08-16 22:57:26.659000+00:00
"CustomCNN | cl:3, fl1:32, fl2:128, fl3:32, ks:3, st:2, dl:1, du1:128, dr:0.5, opt:AdamW, lr:0.000789678106294906, wd:0.0004370996596527987, bs:32",CustomCNN,61.0,pruned,3.0,32.0,128.0,32.0,3.0,2.0,1,128.0,,0.5,AdamW,0.0007896781062949,0.0004370996596527,32,32.0,0.6691086888313293,0.6170731782913208,0.8793240785598755,0.9211135506629944,,,,,,,,,,3,4853d982995b448eb662caa673c249a5,False,hyperparameter_optimization,2026-08-16 22:02:20.362000+00:00,2026-08-16 22:29:51.036000+00:00
"CustomCNN | cl:2, fl1:32, fl2:32, ks:3, st:2, dl:1, du1:128, dr:0.5, opt:AdamW, lr:0.000978380438585982, wd:9.365800934769127e-05, bs:32",CustomCNN,60.0,pruned,2.0,32.0,32.0,,3.0,2.0,1,128.0,,0.5,AdamW,0.0009783804385859,9.365800934769129e-05,32,8.0,0.5018315315246582,0.4341463446617126,1.2746976613998413,1.546678066253662,,,,,,,,,,3,235de5100c494e768d1f04a50ce4124e,False,hyperparameter_optimization,2026-08-16 21:56:18.523000+00:00,2026-08-16 22:02:18.368000+00:00
"CustomCNN | cl:3, fl1:32, fl2:16, fl3:32, ks:3, st:2, dl:1, du1:128, dr:0.5, opt:AdamW, lr:0.0005084230499309651, wd:0.00017610787198352401, bs:32",CustomCNN,59.0,pruned,3.0,32.0,16.0,32.0,3.0,2.0,1,128.0,,0.5,AdamW,0.0005084230499309,0.0001761078719835,32,29.0,0.629426121711731,0.5902438759803772,0.976549744606018,0.933857560157776,,,,,,,,,,3,c033ec70540e4ac7a2449d76b6a785c7,False,hyperparameter_optimization,2026-08-16 19:14:56.838000+00:00,2026-08-16 19:36:36.393000+00:00
"CustomCNN | cl:3, fl1:64, fl2:128, fl3:64, ks:3, st:2, dl:0, dr:0.5, opt:Adam, lr:0.0004750530883539747, bs:16",CustomCNN,58.0,pruned,3.0,64.0,128.0,64.0,3.0,2.0,0,,,0.5,Adam,0.0004750530883539,,16,24.0,0.5512820482254028,0.5878048539161682,1.1617323160171509,1.0391066074371338,,,,,,,,,,3,62343c324ceb4be39e226de2707ef8f6,False,hyperparameter_optimization,2026-08-16 18:38:11.120000+00:00,2026-08-16 19:14:54.757000+00:00
"CustomCNN | cl:3, fl1:32, fl2:64, fl3:32, ks:3, st:2, dl:1, du1:128, dr:0.5, opt:AdamW, lr:0.00038941016107612013, wd:0.0002829670019694718, bs:32",CustomCNN,57.0,pruned,3.0,32.0,64.0,32.0,3.0,2.0,1,128.0,,0.5,AdamW,0.0003894101610761,0.0002829670019694,32,32.0,0.6477411389350891,0.6243902444839478,0.9555240869522096,0.915457010269165,,,,,,,,,,3,80c09ce54cec4f39a9ee3f66f86f7fe1,False,hyperparameter_optimization,2026-08-16 18:12:50.022000+00:00,2026-08-16 18:38:09.293000+00:00
"CustomCNN | cl:3, fl1:16, fl2:128, fl3:32, ks:3, st:2, dl:1, du1:64, dr:0.5, opt:AdamW, lr:0.0007699515412615478, wd:0.00014742520297165296, bs:32",CustomCNN,56.0,pruned,3.0,16.0,128.0,32.0,3.0,2.0,1,64.0,,0.5,AdamW,0.0007699515412615,0.0001474252029716,32,29.0,0.632478654384613,0.6000000238418579,0.9356915950775146,0.9490816593170166,,,,,,,,,,3,0e8e37f734fc48da97721a1d19af1dc4,False,hyperparameter_optimization,2026-08-16 17:57:09.018000+00:00,2026-08-16 18:12:48.019000+00:00
"CustomCNN | cl:3, fl1:32, fl2:128, fl3:16, ks:3, st:2, dl:1, du1:128, dr:0.5, opt:AdamW, lr:0.0005975666201675564, wd:0.0006324246424193881, bs:32",CustomCNN,55.0,pruned,3.0,32.0,128.0,16.0,3.0,2.0,1,128.0,,0.5,AdamW,0.0005975666201675,0.0006324246424193,32,26.0,0.6428571343421936,0.6024390459060669,0.944183111190796,0.9605674147605896,,,,,,,,,,3,0a8652b599d241278adbb684079392ce,False,hyperparameter_optimization,2026-08-16 17:34:22.718000+00:00,2026-08-16 17:57:07.008000+00:00
"CustomCNN | cl:3, fl1:32, fl2:128, fl3:32, ks:3, st:2, dl:1, du1:128, dr:0.5, opt:AdamW, lr:0.000982131493217504, wd:0.0004366977636700516, bs:32",CustomCNN,54.0,pruned,3.0,32.0,128.0,32.0,3.0,2.0,1,128.0,,0.5,AdamW,0.0009821314932175,0.00043669776367,32,43.0,0.6813187003135681,0.6292682886123657,0.8463741540908813,0.8750644326210022,,,,,,,,,,3,235146cf65644281bea16f116e7a4f19,False,hyperparameter_optimization,2026-08-16 16:56:47.574000+00:00,2026-08-16 17:34:20.579000+00:00
"CustomCNN | cl:3, fl1:32, fl2:128, fl3:32, ks:3, st:2, dl:1, du1:128, dr:0.5, opt:AdamW, lr:0.0009736536975367184, wd:0.0004844829676223157, bs:32",CustomCNN,53.0,completed,3.0,32.0,128.0,32.0,3.0,2.0,1,128.0,,0.5,AdamW,0.0009736536975367,0.0004844829676223,32,85.0,0.7203907370567322,0.6585366129875183,0.7720958590507507,0.8268589377403259,0.8247812986373901,0.7576312576312576,0.6585365853658537,0.7621214226326479,0.6579456581502731,0.7576312576312576,0.6585365853658537,0.7568876802678046,0.654575851802952,3,1866f5fb3ad9462b8dd5a0c1b9b2b7ac,False,hyperparameter_optimization,2026-08-16 15:42:10.771000+00:00,2026-08-16 16:56:45.442000+00:00
"CustomCNN | cl:3, fl1:32, fl2:128, fl3:32, ks:3, st:2, dl:1, du1:128, dr:0.5, opt:AdamW, lr:0.0008114371416203538, wd:0.00029971554993564, bs:32",CustomCNN,52.0,pruned,3.0,32.0,128.0,32.0,3.0,2.0,1,128.0,,0.5,AdamW,0.0008114371416203,0.0002997155499356,32,32.0,0.668498158454895,0.6341463327407837,0.8886895179748535,0.9477691650390624,,,,,,,,,,3,7424b57b3c94464a80748622851254cd,False,hyperparameter_optimization,2026-08-16 15:14:10.238000+00:00,2026-08-16 15:42:08.692000+00:00
"CustomCNN | cl:3, fl1:32, fl2:128, fl3:32, ks:3, st:2, dl:1, du1:128, dr:0.5, opt:AdamW, lr:0.000908831934608372, wd:0.0003957022947139671, bs:32",CustomCNN,51.0,completed,3.0,32.0,128.0,32.0,3.0,2.0,1,128.0,,0.5,AdamW,0.0009088319346083,0.0003957022947139,32,65.0,0.7167277336120605,0.6487804651260376,0.7627254128456116,0.8354765176773071,0.8347645998001099,0.7515262515262515,0.6390243902439025,0.7545829677832623,0.6337952233217656,0.7515262515262515,0.6390243902439025,0.7505399555685224,0.6335886527379686,3,ddde9e73b7c1432fa0a70fb4c3e422b4,False,hyperparameter_optimization,2026-08-16 14:17:03.371000+00:00,2026-08-16 15:14:08.219000+00:00
"CustomCNN | cl:3, fl1:32, fl2:128, fl3:32, ks:3, st:2, dl:1, du1:128, dr:0.5, opt:AdamW, lr:0.0005258299138285135, wd:3.354806925623199e-05, bs:32",CustomCNN,50.0,pruned,3.0,32.0,128.0,32.0,3.0,2.0,1,128.0,,0.5,AdamW,0.0005258299138285,3.354806925623199e-05,32,32.0,0.6556776762008667,0.6073170900344849,0.920764684677124,0.9428184628486632,,,,,,,,,,3,9739c32608ce4f23aed3111f73e75cca,False,hyperparameter_optimization,2026-08-16 13:49:05.065000+00:00,2026-08-16 14:17:01.283000+00:00
"CustomCNN | cl:3, fl1:128, fl2:32, fl3:128, ks:3, st:2, dl:1, du1:128, dr:0.4, opt:AdamW, lr:0.0007530997374213135, wd:5.939347657408802e-06, bs:32",CustomCNN,49.0,pruned,3.0,128.0,32.0,128.0,3.0,2.0,1,128.0,,0.4,AdamW,0.0007530997374213,5.939347657408802e-06,32,16.0,0.6306471228599548,0.5463414788246155,0.9589943885803224,1.163793921470642,,,,,,,,,,3,490bb02da36b43269c343296b7ae740e,False,hyperparameter_optimization,2026-08-16 13:04:08.840000+00:00,2026-08-16 13:49:02.981000+00:00
"CustomCNN | cl:3, fl1:32, fl2:16, fl3:32, ks:3, st:2, dl:1, du1:32, dr:0.5, opt:AdamW, lr:0.0009782740777321908, wd:0.00026299506405179715, bs:32",CustomCNN,48.0,pruned,3.0,32.0,16.0,32.0,3.0,2.0,1,32.0,,0.5,AdamW,0.0009782740777321,0.0002629950640517,32,8.0,0.4859584867954254,0.4097560942173004,1.2981009483337402,1.421929955482483,,,,,,,,,,3,c08deaf43db44b819016d39ffe468254,False,hyperparameter_optimization,2026-08-16 12:58:06.776000+00:00,2026-08-16 13:04:06.702000+00:00
"CustomCNN | cl:2, fl1:64, fl2:128, ks:5, st:1, dl:0, dr:0.5, opt:Adam, lr:0.00021124324033406389, bs:16",CustomCNN,47.0,pruned,2.0,64.0,128.0,,5.0,1.0,0,,,0.5,Adam,0.000211243240334,,16,8.0,0.4151404201984405,0.4219512343406677,1.48536479473114,1.5249167680740356,,,,,,,,,,3,6523e207445f4333b68907f3a12be45c,False,hyperparameter_optimization,2026-08-16 11:28:25.626000+00:00,2026-08-16 12:58:04.883000+00:00
"CustomCNN | cl:3, fl1:32, fl2:128, fl3:32, ks:3, st:2, dl:1, du1:128, dr:0.5, opt:AdamW, lr:0.0007584775206612068, wd:2.1506269019910458e-05, bs:32",CustomCNN,46.0,completed,3.0,32.0,128.0,32.0,3.0,2.0,1,128.0,,0.5,AdamW,0.0007584775206612,2.150626901991045e-05,32,76.0,0.7063491940498352,0.6585366129875183,0.7958815693855286,0.8519999384880066,0.850563108921051,0.742979242979243,0.6634146341463415,0.7476835187701449,0.662850174216028,0.742979242979243,0.6634146341463415,0.7424008792744625,0.6585767864923007,3,1eccd06f6f0141cdad6fffcd3a6bec66,False,hyperparameter_optimization,2026-08-16 10:21:43.611000+00:00,2026-08-16 11:28:23.990000+00:00
"CustomCNN | cl:3, fl1:32, fl2:64, fl3:32, ks:3, st:2, dl:1, du1:64, dr:0.5, opt:AdamW, lr:0.0005283768596437065, wd:0.0006692305450264039, bs:32",CustomCNN,45.0,pruned,3.0,32.0,64.0,32.0,3.0,2.0,1,64.0,,0.5,AdamW,0.0005283768596437,0.0006692305450264,32,25.0,0.6068376302719116,0.5170731544494629,0.9906012415885924,1.161483883857727,,,,,,,,,,3,51cb2fbfb4de45a3912393e29f5f2100,False,hyperparameter_optimization,2026-08-16 10:01:55.214000+00:00,2026-08-16 10:21:41.446000+00:00
"CustomCNN | cl:3, fl1:32, fl2:128, fl3:64, ks:3, st:2, dl:1, du1:128, dr:0.5, opt:Adam, lr:2.430835564450278e-05, bs:16",CustomCNN,44.0,pruned,3.0,32.0,128.0,64.0,3.0,2.0,1,128.0,,0.5,Adam,2.430835564450278e-05,,16,8.0,0.4120879173278808,0.5121951103210449,1.455416560173035,1.311498999595642,,,,,,,,,,3,554d41e88783427795bdb6ba872ab627,False,hyperparameter_optimization,2026-08-16 09:55:11.265000+00:00,2026-08-16 10:01:52.991000+00:00
"CustomCNN | cl:3, fl1:32, fl2:128, fl3:32, ks:3, st:2, dl:1, du1:128, dr:0.5, opt:AdamW, lr:0.0007743702177407214, wd:0.00019122074289889903, bs:32",CustomCNN,43.0,completed,3.0,32.0,128.0,32.0,3.0,2.0,1,128.0,,0.5,AdamW,0.0007743702177407,0.0001912207428988,32,61.0,0.6996337175369263,0.6512194871902466,0.8071598410606384,0.8528329730033875,0.8496103286743164,0.742979242979243,0.6414634146341464,0.7472245046423843,0.6453725837302728,0.742979242979243,0.6414634146341464,0.7417427045319804,0.6375866136519888,3,14304b3362304845a0db22a251aade06,False,hyperparameter_optimization,2026-08-16 09:01:42.498000+00:00,2026-08-16 09:55:09.297000+00:00
"CustomCNN | cl:3, fl1:32, fl2:128, fl3:32, ks:3, st:2, dl:1, du1:128, dr:0.5, opt:AdamW, lr:0.0004881051567175465, wd:0.0004665142637027704, bs:32",CustomCNN,42.0,pruned,3.0,32.0,128.0,32.0,3.0,2.0,1,128.0,,0.5,AdamW,0.0004881051567175,0.0004665142637027,32,51.0,0.6752136945724487,0.6268292665481567,0.8667505383491516,0.8730782866477966,,,,,,,,,,3,3076d23a99974ad3a840525ff04aaef7,False,hyperparameter_optimization,2026-08-16 08:17:17.430000+00:00,2026-08-16 09:01:40.364000+00:00
"CustomCNN | cl:3, fl1:32, fl2:128, fl3:32, ks:3, st:2, dl:1, du1:128, dr:0.5, opt:AdamW, lr:0.0009849389834462598, wd:0.0002947384835957604, bs:32",CustomCNN,41.0,completed,3.0,32.0,128.0,32.0,3.0,2.0,1,128.0,,0.5,AdamW,0.0009849389834462,0.0002947384835957,32,78.0,0.6996337175369263,0.6585366129875183,0.7990526556968689,0.8241738080978394,0.8219413161277771,0.7582417582417582,0.6731707317073171,0.761139520190051,0.6755286791580349,0.7582417582417582,0.6731707317073171,0.7568418044542864,0.6685784812869273,3,201e23026e6948c381cc6e70d6dc2333,False,hyperparameter_optimization,2026-08-16 07:08:57.898000+00:00,2026-08-16 08:17:15.360000+00:00
"CustomCNN | cl:3, fl1:16, fl2:128, fl3:32, ks:3, st:2, dl:2, du1:128, du2:32, dr:0.5, opt:AdamW, lr:0.0007099986514382645, wd:9.380394047191178e-06, bs:32",CustomCNN,40.0,pruned,3.0,16.0,128.0,32.0,3.0,2.0,2,128.0,32.0,0.5,AdamW,0.0007099986514382,9.380394047191178e-06,32,40.0,0.622710645198822,0.6390243768692017,0.9876492619514464,0.8895699977874756,,,,,,,,,,3,994432a26e344298bdba49edf29b7234,False,hyperparameter_optimization,2026-08-16 06:47:29.232000+00:00,2026-08-16 07:08:55.883000+00:00
"CustomCNN | cl:2, fl1:128, fl2:128, ks:5, st:2, dl:1, du1:64, dr:0.4, opt:Adam, lr:0.00022429594751065504, bs:16",CustomCNN,39.0,pruned,2.0,128.0,128.0,,5.0,2.0,1,64.0,,0.4,Adam,0.0002242959475106,,16,8.0,0.4890109896659851,0.3365853726863861,1.3363690376281738,1.559989094734192,,,,,,,,,,3,d5546f457bc743a287718e3320df662a,False,hyperparameter_optimization,2026-08-16 06:22:09.793000+00:00,2026-08-16 06:47:26.887000+00:00
"CustomCNN | cl:1, fl1:32, ks:3, st:1, dl:1, du1:32, dr:0.4, opt:AdamW, lr:0.0003620874236547574, wd:2.958387441788873e-06, bs:32",CustomCNN,38.0,pruned,1.0,32.0,,,3.0,1.0,1,32.0,,0.4,AdamW,0.0003620874236547,2.958387441788873e-06,32,8.0,0.3827838897705078,0.4195121824741363,1.5205459594726562,1.451874852180481,,,,,,,,,,3,5c9ec344d6284aeda93371aca632d5cf,False,hyperparameter_optimization,2026-08-16 06:00:05.863000+00:00,2026-08-16 06:22:07.922000+00:00
"CustomCNN | cl:3, fl1:32, fl2:64, fl3:32, ks:5, st:2, dl:2, du1:128, du2:128, dr:0.5, opt:Adam, lr:1.013867337538833e-05, bs:16",CustomCNN,37.0,pruned,3.0,32.0,64.0,32.0,5.0,2.0,2,128.0,128.0,0.5,Adam,1.013867337538833e-05,,16,8.0,0.2625152766704559,0.3707317113876343,1.702721118927002,1.540905475616455,,,,,,,,,,3,0dbd4db5d16e4fb6bde68bf70a93fd15,False,hyperparameter_optimization,2026-08-16 05:53:27.821000+00:00,2026-08-16 06:00:04.031000+00:00
"CustomCNN | cl:3, fl1:16, fl2:128, fl3:16, ks:3, st:2, dl:1, du1:128, dr:0.3, opt:AdamW, lr:2.068772502796839e-05, wd:0.0009822351360752823, bs:32",CustomCNN,36.0,pruned,3.0,16.0,128.0,16.0,3.0,2.0,1,128.0,,0.3,AdamW,2.068772502796839e-05,0.0009822351360752,32,8.0,0.4029304087162018,0.4536585509777069,1.5727983713150024,1.5457051992416382,,,,,,,,,,3,6d5b6bb48cd845b0aece3356fe79ca51,False,hyperparameter_optimization,2026-08-16 05:49:06.247000+00:00,2026-08-16 05:53:25.777000+00:00
"CustomCNN | cl:3, fl1:32, fl2:32, fl3:128, ks:3, st:1, dl:1, du1:128, dr:0.5, opt:AdamW, lr:0.0006832480038254971, wd:9.350182167344265e-05, bs:32",CustomCNN,35.0,pruned,3.0,32.0,32.0,128.0,3.0,1.0,1,128.0,,0.5,AdamW,0.0006832480038254,9.350182167344264e-05,32,25.0,0.5866910815238953,0.5853658318519592,1.0804413557052612,1.0228257179260254,,,,,,,,,,3,3a913bbcc7d54673b858b20beef2b56d,False,hyperparameter_optimization,2026-08-16 03:57:12.197000+00:00,2026-08-16 05:49:04.016000+00:00
"CustomCNN | cl:3, fl1:128, fl2:128, fl3:32, ks:5, st:2, dl:2, du1:128, du2:32, dr:0.5, opt:AdamW, lr:0.0004189542310549296, wd:0.00020253201189887967, bs:32",CustomCNN,34.0,pruned,3.0,128.0,128.0,32.0,5.0,2.0,2,128.0,32.0,0.5,AdamW,0.0004189542310549,0.0002025320118988,32,8.0,0.4297924339771271,0.353658527135849,1.4064136743545532,1.5134642124176023,,,,,,,,,,3,bad60c9d5d93437c824f74235a9cd9b5,False,hyperparameter_optimization,2026-08-16 03:31:43.467000+00:00,2026-08-16 03:57:10.057000+00:00
"CustomCNN | cl:3, fl1:32, fl2:128, fl3:32, ks:3, st:2, dl:1, du1:128, dr:0.5, opt:AdamW, lr:0.000625401037922881, wd:0.0005316797595872918, bs:32",CustomCNN,33.0,pruned,3.0,32.0,128.0,32.0,3.0,2.0,1,128.0,,0.5,AdamW,0.0006254010379228,0.0005316797595872,32,44.0,0.6892551779747009,0.6292682886123657,0.8223758935928345,0.8813645243644714,,,,,,,,,,3,6ab0a14a0a96497eb3afcc20aed03b3f,False,hyperparameter_optimization,2026-08-16 02:53:23.196000+00:00,2026-08-16 03:31:41.203000+00:00
"CustomCNN | cl:3, fl1:32, fl2:128, fl3:32, ks:3, st:2, dl:1, du1:128, dr:0.5, opt:AdamW, lr:0.000713095666147426, wd:0.0004274934373883079, bs:32",CustomCNN,32.0,completed,3.0,32.0,128.0,32.0,3.0,2.0,1,128.0,,0.5,AdamW,0.0007130956661474,0.0004274934373883,32,65.0,0.7252747416496277,0.6536585092544556,0.7720374464988708,0.8180476427078247,0.817324697971344,0.7631257631257631,0.651219512195122,0.763505803098426,0.650304015593197,0.7631257631257631,0.651219512195122,0.7613594528912587,0.6463143061392702,3,3f3bee22593f44c78c01fada5045d890,False,hyperparameter_optimization,2026-08-16 01:56:24.881000+00:00,2026-08-16 02:53:21.059000+00:00
"CustomCNN | cl:3, fl1:32, fl2:128, fl3:32, ks:3, st:2, dl:1, du1:128, dr:0.5, opt:AdamW, lr:0.0009122980498460825, wd:0.00027764062881246147, bs:32",CustomCNN,31.0,completed,3.0,32.0,128.0,32.0,3.0,2.0,1,128.0,,0.5,AdamW,0.000912298049846,0.0002776406288124,32,96.0,0.7429792284965515,0.6682927012443542,0.706347644329071,0.8090953826904297,0.8058752417564392,0.7802197802197802,0.6658536585365854,0.7881548355879568,0.6651543100610532,0.7802197802197802,0.6658536585365854,0.7808564002557301,0.6614453150911896,3,b7edd32584694efa969dd74ac3945db6,False,hyperparameter_optimization,2026-08-16 00:32:29.168000+00:00,2026-08-16 01:56:22.803000+00:00
"CustomCNN | cl:1, fl1:32, ks:3, st:2, dl:1, du1:128, dr:0.3, opt:AdamW, lr:0.0006632077855187068, wd:0.00036736155641917297, bs:32",CustomCNN,30.0,pruned,1.0,32.0,,,3.0,2.0,1,128.0,,0.3,AdamW,0.0006632077855187,0.0003673615564191,32,8.0,0.4383394420146942,0.4000000059604645,1.4527523517608645,1.3976752758026123,,,,,,,,,,3,e11f516c80954bf796c60a4ec9e2b74e,False,hyperparameter_optimization,2026-08-16 00:26:45.702000+00:00,2026-08-16 00:32:27.109000+00:00
"CustomCNN | cl:3, fl1:32, fl2:16, fl3:64, ks:5, st:2, dl:2, du1:32, du2:32, dr:0.5, opt:AdamW, lr:1.1600692780068098e-05, wd:6.86443318247699e-05, bs:32",CustomCNN,29.0,pruned,3.0,32.0,16.0,64.0,5.0,2.0,2,32.0,32.0,0.5,AdamW,1.1600692780068098e-05,6.86443318247699e-05,32,8.0,0.1752136796712875,0.1365853697061538,2.0124659538269043,1.8506617546081543,,,,,,,,,,3,e6c1759eebf840f887d92d4c1b2700b6,False,hyperparameter_optimization,2026-08-16 00:20:24.689000+00:00,2026-08-16 00:26:43.969000+00:00
"CustomCNN | cl:2, fl1:64, fl2:64, ks:3, st:2, dl:1, du1:64, dr:0.4, opt:AdamW, lr:0.00013249381747497234, wd:0.000883332402601216, bs:32",CustomCNN,28.0,pruned,2.0,64.0,64.0,,3.0,2.0,1,64.0,,0.4,AdamW,0.0001324938174749,0.0008833324026012,32,8.0,0.4224664270877838,0.4487804770469665,1.4369112253189087,1.396310806274414,,,,,,,,,,3,c06f92e3af1147bf8b1c73f070ec0443,False,hyperparameter_optimization,2026-08-16 00:08:41.840000+00:00,2026-08-16 00:20:22.428000+00:00
"CustomCNN | cl:3, fl1:16, fl2:128, fl3:32, ks:3, st:2, dl:2, du1:128, du2:128, dr:0.5, opt:AdamW, lr:0.00032287280654031114, wd:9.103468739283908e-06, bs:32",CustomCNN,27.0,pruned,3.0,16.0,128.0,32.0,3.0,2.0,2,128.0,128.0,0.5,AdamW,0.0003228728065403,9.103468739283908e-06,32,42.0,0.6135531067848206,0.6219512224197388,1.0047531127929688,0.9156978130340576,,,,,,,,,,3,fd9b92113de74cd690ca2d0ceb9b9fd6,False,hyperparameter_optimization,2026-08-15 23:46:11.431000+00:00,2026-08-16 00:08:39.841000+00:00
"CustomCNN | cl:3, fl1:128, fl2:128, fl3:32, ks:3, st:2, dl:0, dr:0.5, opt:AdamW, lr:0.0005827785956869094, wd:1.1319371449468047e-06, bs:32",CustomCNN,26.0,pruned,3.0,128.0,128.0,32.0,3.0,2.0,0,,,0.5,AdamW,0.0005827785956869,1.1319371449468047e-06,32,9.0,0.4639804661273956,0.3731707334518432,1.375914454460144,1.7276474237442017,,,,,,,,,,3,4e95283737c64fcf91276c54b63f6093,False,hyperparameter_optimization,2026-08-15 23:19:36.036000+00:00,2026-08-15 23:46:09.215000+00:00
"CustomCNN | cl:3, fl1:32, fl2:128, fl3:32, ks:3, st:2, dl:1, du1:128, dr:0.5, opt:AdamW, lr:0.0009616652793197583, wd:0.00033983854686877403, bs:32",CustomCNN,25.0,completed,3.0,32.0,128.0,32.0,3.0,2.0,1,128.0,,0.5,AdamW,0.0009616652793197,0.0003398385468687,32,68.0,0.7069597244262695,0.6512194871902466,0.774840235710144,0.8460687398910522,0.8449840545654297,0.7551892551892552,0.6487804878048781,0.758618034742903,0.648741039631576,0.7551892551892552,0.6487804878048781,0.7540918844311081,0.6429891126087928,3,ecaf279cfe6d4e9fa207729019a7aa05,False,hyperparameter_optimization,2026-08-15 22:20:04.720000+00:00,2026-08-15 23:19:34.017000+00:00
"CustomCNN | cl:3, fl1:32, fl2:128, fl3:128, ks:3, st:2, dl:1, du1:128, dr:0.5, opt:AdamW, lr:0.0002789927275588147, wd:5.803017293310551e-05, bs:32",CustomCNN,24.0,completed,3.0,32.0,128.0,128.0,3.0,2.0,1,128.0,,0.5,AdamW,0.0002789927275588,5.803017293310551e-05,32,53.0,0.6886447072029114,0.6341463327407837,0.8449037671089172,0.869121253490448,0.8679617047309875,0.7393162393162394,0.6268292682926829,0.741581821236556,0.6199081298666899,0.7393162393162394,0.6268292682926829,0.737416431029587,0.6206233920711711,3,24dd1635e3824ea885aae1832a2e1877,False,hyperparameter_optimization,2026-08-15 21:33:18.332000+00:00,2026-08-15 22:20:02.508000+00:00
"CustomCNN | cl:3, fl1:32, fl2:128, fl3:32, ks:3, st:2, dl:1, du1:128, dr:0.5, opt:AdamW, lr:0.0006096837732871549, wd:8.715999687132485e-06, bs:32",CustomCNN,23.0,completed,3.0,32.0,128.0,32.0,3.0,2.0,1,128.0,,0.5,AdamW,0.0006096837732871,8.715999687132485e-06,32,71.0,0.6898657083511353,0.6463414430618286,0.8398188352584839,0.8654555678367615,0.8649963140487671,0.7448107448107448,0.6341463414634146,0.7476177354516257,0.6335033557447012,0.7448107448107448,0.6341463414634146,0.7443003864037829,0.6314129731208293,3,a108f301af544ec493244df72e485c98,False,hyperparameter_optimization,2026-08-15 20:31:10.721000+00:00,2026-08-15 21:33:16.143000+00:00
"CustomCNN | cl:3, fl1:32, fl2:128, fl3:32, ks:3, st:2, dl:1, du1:128, dr:0.5, opt:AdamW, lr:0.0004679144815734239, wd:2.25016805930473e-05, bs:32",CustomCNN,22.0,pruned,3.0,32.0,128.0,32.0,3.0,2.0,1,128.0,,0.5,AdamW,0.0004679144815734,2.25016805930473e-05,32,63.0,0.6752136945724487,0.6146341562271118,0.8769301176071167,0.9003862142562866,,,,,,,,,,3,ee2cbd344d6c42f19372e024d90710ba,False,hyperparameter_optimization,2026-08-15 19:36:22.033000+00:00,2026-08-15 20:31:08.682000+00:00
"CustomCNN | cl:3, fl1:32, fl2:128, fl3:32, ks:3, st:2, dl:1, du1:128, dr:0.5, opt:AdamW, lr:0.0008567010651304592, wd:1.2663505803671305e-06, bs:32",CustomCNN,21.0,completed,3.0,32.0,128.0,32.0,3.0,2.0,1,128.0,,0.5,AdamW,0.0008567010651304,1.2663505803671305e-06,32,85.0,0.7161172032356262,0.6512194871902466,0.7683808207511902,0.8442763090133667,0.8418990969657898,0.7582417582417582,0.6585365853658537,0.7627437569289957,0.6556744336965983,0.7582417582417582,0.6585365853658537,0.7581831250204601,0.6543231866957182,3,919dfe871d064ca6a0fc3dc2449de380,False,hyperparameter_optimization,2026-08-15 18:22:06.192000+00:00,2026-08-15 19:36:20.037000+00:00
"CustomCNN | cl:2, fl1:32, fl2:32, ks:3, st:2, dl:1, du1:32, dr:0.4, opt:AdamW, lr:0.0009715144959381608, wd:0.00022567654759106772, bs:32",CustomCNN,20.0,pruned,2.0,32.0,32.0,,3.0,2.0,1,32.0,,0.4,AdamW,0.0009715144959381,0.000225676547591,32,17.0,0.4829059839248657,0.4780487716197967,1.300654411315918,1.2358512878417969,,,,,,,,,,3,953dc8daf7e248d38cc792e456ee2df7,False,hyperparameter_optimization,2026-08-15 18:09:15.626000+00:00,2026-08-15 18:22:04.132000+00:00
"CustomCNN | cl:3, fl1:32, fl2:16, fl3:64, ks:3, st:2, dl:0, dr:0.5, opt:AdamW, lr:0.0004317155377839001, wd:0.0005724597529605154, bs:32",CustomCNN,19.0,pruned,3.0,32.0,16.0,64.0,3.0,2.0,0,,,0.5,AdamW,0.0004317155377839,0.0005724597529605,32,28.0,0.5152625441551208,0.5731707215309143,1.1968748569488523,1.0892698764801023,,,,,,,,,,3,e845ae80bd0b4fc0b6bee17f2b3d0f50,False,hyperparameter_optimization,2026-08-15 17:48:25.146000+00:00,2026-08-15 18:09:13.605000+00:00
"CustomCNN | cl:3, fl1:64, fl2:128, fl3:16, ks:3, st:2, dl:1, du1:128, dr:0.5, opt:AdamW, lr:8.056533929845486e-05, wd:4.514597634492008e-05, bs:32",CustomCNN,18.0,pruned,3.0,64.0,128.0,16.0,3.0,2.0,1,128.0,,0.5,AdamW,8.056533929845486e-05,4.514597634492008e-05,32,8.0,0.4041514098644256,0.495121955871582,1.476966381072998,1.3825888633728027,,,,,,,,,,3,714e0bfb171942cf9eb775c165cd402d,False,hyperparameter_optimization,2026-08-15 17:35:57.141000+00:00,2026-08-15 17:48:23.110000+00:00
"CustomCNN | cl:2, fl1:32, fl2:128, ks:3, st:2, dl:0, dr:0.5, opt:AdamW, lr:0.0002653076539318496, wd:0.00014600302002944335, bs:32",CustomCNN,17.0,pruned,2.0,32.0,128.0,,3.0,2.0,0,,,0.5,AdamW,0.0002653076539318,0.0001460030200294,32,12.0,0.4395604431629181,0.4707317054271698,1.457349181175232,1.376356601715088,,,,,,,,,,3,9976a3007a93438eb957ffdd43a11ace,False,hyperparameter_optimization,2026-08-15 17:25:33.919000+00:00,2026-08-15 17:35:55.058000+00:00
"CustomCNN | cl:3, fl1:32, fl2:128, fl3:32, ks:3, st:2, dl:1, du1:128, dr:0.5, opt:AdamW, lr:0.00019295792300171068, wd:0.00012867051785780026, bs:32",CustomCNN,16.0,completed,3.0,32.0,128.0,32.0,3.0,2.0,1,128.0,,0.5,AdamW,0.0001929579230017,0.0001286705178578,32,73.0,0.6660561561584473,0.6463414430618286,0.8928624391555786,0.8956524133682251,0.8939483165740967,0.7258852258852259,0.6609756097560976,0.7294601837278938,0.657316258013971,0.7258852258852259,0.6609756097560976,0.7238192474583036,0.6558060222207487,3,17f248d279dd4b1da8aa67e91155aca9,False,hyperparameter_optimization,2026-08-15 16:21:49.061000+00:00,2026-08-15 17:25:32.040000+00:00
"CustomCNN | cl:3, fl1:32, fl2:16, fl3:32, ks:3, st:2, dl:1, du1:128, dr:0.5, opt:AdamW, lr:0.00020223393501578684, wd:0.00013324159444351368, bs:32",CustomCNN,15.0,pruned,3.0,32.0,16.0,32.0,3.0,2.0,1,128.0,,0.5,AdamW,0.0002022339350157,0.0001332415944435,32,38.0,0.5885226130485535,0.5585365891456604,1.0763609409332275,1.041568160057068,,,,,,,,,,3,536437a802d04ac7a41eb6834d7293e8,False,hyperparameter_optimization,2026-08-15 15:53:35.042000+00:00,2026-08-15 16:21:47.089000+00:00
"CustomCNN | cl:3, fl1:64, fl2:32, fl3:16, ks:3, st:2, dl:0, dr:0.5, opt:AdamW, lr:0.0009754684611903029, wd:0.0003869645866328984, bs:32",CustomCNN,14.0,pruned,3.0,64.0,32.0,16.0,3.0,2.0,0,,,0.5,AdamW,0.0009754684611903,0.0003869645866328,32,8.0,0.3974359035491943,0.3414634168148041,1.4673985242843628,1.457313895225525,,,,,,,,,,3,c5ff740265be47dd8a8434f981d66530,False,hyperparameter_optimization,2026-08-15 15:42:12.578000+00:00,2026-08-15 15:53:32.838000+00:00
"CustomCNN | cl:3, fl1:32, fl2:128, fl3:32, ks:3, st:2, dl:1, du1:128, dr:0.5, opt:AdamW, lr:0.0008291554745098488, wd:0.0003690468367735953, bs:32",CustomCNN,13.0,completed,3.0,32.0,128.0,32.0,3.0,2.0,1,128.0,,0.5,AdamW,0.0008291554745098,0.0003690468367735,32,78.0,0.7069597244262695,0.6560975313186646,0.7799655795097351,0.8248192667961121,0.8219095468521118,0.7680097680097681,0.6609756097560976,0.7719243297353054,0.6616649675127042,0.7680097680097681,0.6609756097560976,0.7675691502460456,0.6560470058302279,3,6e358b6b790e4fceab3e0d6bc61b58d8,False,hyperparameter_optimization,2026-08-15 14:34:02.652000+00:00,2026-08-15 15:42:10.466000+00:00
"CustomCNN | cl:3, fl1:32, fl2:128, fl3:32, ks:3, st:2, dl:1, du1:128, dr:0.5, opt:AdamW, lr:0.0008444089174111167, wd:1.0317268476159013e-06, bs:32",CustomCNN,12.0,completed,3.0,32.0,128.0,32.0,3.0,2.0,1,128.0,,0.5,AdamW,0.0008444089174111,1.0317268476159013e-06,32,78.0,0.6898657083511353,0.6560975313186646,0.8279680609703064,0.8654563426971436,0.8636783957481384,0.742979242979243,0.651219512195122,0.743784911631757,0.6479722601651245,0.742979242979243,0.651219512195122,0.7409248764638018,0.6479561571507094,3,6bbf8ac0c0234bfd9a9a79cb4a47df55,False,hyperparameter_optimization,2026-08-15 13:25:57.183000+00:00,2026-08-15 14:34:00.579000+00:00
"CustomCNN | cl:3, fl1:32, fl2:128, fl3:32, ks:3, st:2, dl:1, du1:128, dr:0.5, opt:AdamW, lr:0.0009129403330183016, wd:0.0002699400552674412, bs:32",CustomCNN,11.0,completed,3.0,32.0,128.0,32.0,3.0,2.0,1,128.0,,0.5,AdamW,0.0009129403330183,0.0002699400552674,32,65.0,0.6990231871604919,0.6536585092544556,0.8136007189750671,0.8564051985740662,0.8558493852615356,0.7252747252747253,0.6536585365853659,0.7277843071984512,0.6500467507175061,0.7252747252747253,0.6536585365853659,0.7232391539679369,0.6470953310608403,3,9154d48c4f544920acfce9d190737d42,False,hyperparameter_optimization,2026-08-15 12:29:16.888000+00:00,2026-08-15 13:25:55.055000+00:00
"CustomCNN | cl:3, fl1:64, fl2:32, fl3:128, ks:3, st:2, dl:0, dr:0.5, opt:AdamW, lr:1.0343084701920198e-05, wd:0.0007906619048808754, bs:32",CustomCNN,10.0,pruned,3.0,64.0,32.0,128.0,3.0,2.0,0,,,0.5,AdamW,1.0343084701920198e-05,0.0007906619048808,32,8.0,0.2600732743740082,0.3317073285579681,2.0228607654571533,1.6034481525421145,,,,,,,,,,3,c4ffe3a0a79b47fcafc86b5c8d03f694,False,hyperparameter_optimization,2026-08-15 12:17:54.288000+00:00,2026-08-15 12:29:14.756000+00:00
"CustomCNN | cl:2, fl1:32, fl2:64, ks:3, st:1, dl:1, du1:128, dr:0.4, opt:Adam, lr:1.9233403454841256e-05, bs:16",CustomCNN,9.0,pruned,2.0,32.0,64.0,,3.0,1.0,1,128.0,,0.4,Adam,1.9233403454841256e-05,,16,8.0,0.3479853570461273,0.4097560942173004,1.5983678102493286,1.561919927597046,,,,,,,,,,3,ce1f40948ac24598ba427f05be23f93e,False,hyperparameter_optimization,2026-08-15 11:41:58.238000+00:00,2026-08-15 12:17:52.249000+00:00
"CustomCNN | cl:2, fl1:128, fl2:128, ks:5, st:2, dl:1, du1:64, dr:0.4, opt:Adam, lr:0.000851984823406573, bs:16",CustomCNN,8.0,pruned,2.0,128.0,128.0,,5.0,2.0,1,64.0,,0.4,Adam,0.0008519848234065,,16,44.0,0.5616605877876282,0.5756097435951233,1.1007356643676758,1.033860683441162,,,,,,,,,,3,e6d5b47be4af49f2a46f1e1f52edf207,False,hyperparameter_optimization,2026-08-15 09:22:54.104000+00:00,2026-08-15 11:41:56.507000+00:00
"CustomCNN | cl:3, fl1:32, fl2:128, fl3:32, ks:3, st:2, dl:1, du1:128, dr:0.4, opt:Adam, lr:5.83746735932849e-05, bs:16",CustomCNN,7.0,completed,3.0,32.0,128.0,32.0,3.0,2.0,1,128.0,,0.4,Adam,5.83746735932849e-05,,16,78.0,0.6312576532363892,0.6243902444839478,0.980574071407318,0.9688461422920228,0.9682297110557556,0.6965811965811965,0.624390243902439,0.6983488420670932,0.6177033837400503,0.6965811965811965,0.624390243902439,0.6918689705996056,0.613319416591634,3,8321e009c2ed43bcbef98e41674b6b21,False,hyperparameter_optimization,2026-08-15 08:17:47.168000+00:00,2026-08-15 09:22:52.295000+00:00
"CustomCNN | cl:2, fl1:16, fl2:16, ks:5, st:1, dl:0, dr:0.4, opt:Adam, lr:0.0009789616339668918, bs:16",CustomCNN,6.0,completed,2.0,16.0,16.0,,5.0,1.0,0,,,0.4,Adam,0.0009789616339668,,16,61.0,0.4645909667015075,0.5268292427062988,1.37333881855011,1.2253137826919556,1.213539958000183,0.5177045177045178,0.5170731707317073,0.4977538990356205,0.5052088904893033,0.5177045177045178,0.5170731707317073,0.4979704237972122,0.494342919299106,3,a8a3bdb39a174e94afa65e316bd2eda7,False,hyperparameter_optimization,2026-08-15 05:39:06.610000+00:00,2026-08-15 08:17:45.151000+00:00
"CustomCNN | cl:2, fl1:16, fl2:64, ks:5, st:2, dl:1, du1:32, dr:0.5, opt:Adam, lr:9.967678007079282e-05, bs:16",CustomCNN,5.0,completed,2.0,16.0,64.0,,5.0,2.0,1,32.0,,0.5,Adam,9.967678007079282e-05,,16,62.0,0.449938952922821,0.5414634346961975,1.3691651821136477,1.2249698638916016,1.223557949066162,0.5421245421245421,0.526829268292683,0.5296415964596258,0.5117518418794025,0.5421245421245421,0.526829268292683,0.53171117319629,0.5090503405036009,3,c3275d49bc4b420bb686651e2ca954a6,False,hyperparameter_optimization,2026-08-15 05:10:34.793000+00:00,2026-08-15 05:39:04.780000+00:00
"CustomCNN | cl:3, fl1:32, fl2:128, fl3:32, ks:3, st:1, dl:2, du1:128, du2:64, dr:0.5, opt:AdamW, lr:0.000591982721994638, wd:2.832551564039751e-06, bs:32",CustomCNN,4.0,completed,3.0,32.0,128.0,32.0,3.0,1.0,2,128.0,64.0,0.5,AdamW,0.0005919827219946,2.832551564039751e-06,32,86.0,0.5897436141967773,0.5902438759803772,1.0962525606155396,0.9656778573989868,0.9646047949790956,0.6428571428571429,0.5902439024390244,0.640788055531131,0.5878265819766297,0.6428571428571429,0.5902439024390244,0.6376396144918961,0.5827828478053512,3,e2ff2bc086934744ba7beae9426438ad,False,hyperparameter_optimization,2026-08-14 19:57:06.130000+00:00,2026-08-15 05:10:32.924000+00:00
"CustomCNN | cl:1, fl1:128, ks:3, st:1, dl:2, du1:64, du2:64, dr:0.3, opt:Adam, lr:5.9279057383810905e-05, bs:16",CustomCNN,3.0,completed,1.0,128.0,,,3.0,1.0,2,64.0,64.0,0.3,Adam,5.9279057383810905e-05,,16,55.0,0.4163614213466644,0.4707317054271698,1.4604496955871582,1.3107411861419678,1.3017663955688477,0.4768009768009768,0.4926829268292683,0.4652664688379673,0.513805431125122,0.4768009768009768,0.4926829268292683,0.4436719198938563,0.465678022161041,3,87f2f876a3ef445d940735b6319799ad,False,hyperparameter_optimization,2026-08-14 10:09:28.656000+00:00,2026-08-14 19:57:03.865000+00:00
"CustomCNN | cl:1, fl1:16, ks:5, st:1, dl:2, du1:64, du2:64, dr:0.4, opt:AdamW, lr:6.878450923484218e-05, wd:2.6781227936710606e-05, bs:32",CustomCNN,2.0,completed,1.0,16.0,,,5.0,1.0,2,64.0,64.0,0.4,AdamW,6.878450923484218e-05,2.6781227936710606e-05,32,39.0,0.3760683834552765,0.4024390280246734,1.5592542886734009,1.445827603340149,1.4269803762435913,0.4023199023199023,0.424390243902439,0.402360456862671,0.3663555623262565,0.4023199023199023,0.424390243902439,0.3273600704816437,0.3372507993286863,3,c835a5b0bb3244fa844ba0a2a4a54cdc,False,hyperparameter_optimization,2026-08-14 09:03:16.510000+00:00,2026-08-14 10:09:26.858000+00:00
"CustomCNN | cl:3, fl1:128, fl2:128, fl3:64, ks:5, st:1, dl:2, du1:32, du2:64, dr:0.3, opt:AdamW, lr:0.0004134244120858096, wd:4.487028920282427e-06, bs:32",CustomCNN,1.0,completed,3.0,128.0,128.0,64.0,5.0,1.0,2,32.0,64.0,0.3,AdamW,0.0004134244120858,4.487028920282427e-06,32,100.0,0.5866910815238953,0.6073170900344849,1.0869994163513184,0.9822989106178284,0.9814136028289796,0.6672771672771672,0.6073170731707317,0.6650432855877741,0.6043783564238004,0.6672771672771672,0.6073170731707317,0.6586102873565988,0.5957387867954529,3,791014196d624aa4ba3392fc6637a4bc,False,hyperparameter_optimization,2026-08-12 22:00:06.008000+00:00,2026-08-14 09:03:14.667000+00:00
"CustomCNN | cl:2, fl1:32, fl2:64, ks:5, st:2, dl:2, du1:128, du2:64, dr:0.4, opt:Adam, lr:0.0003801203282728584, bs:16",CustomCNN,0.0,completed,2.0,32.0,64.0,,5.0,2.0,2,128.0,64.0,0.4,Adam,0.0003801203282728,,16,97.0,0.5402930378913879,0.5707316994667053,1.1528120040893557,1.0027996301651,1.0020595788955688,0.6251526251526252,0.5707317073170731,0.6116357829761028,0.560351183220613,0.6251526251526252,0.5707317073170731,0.6123316328826617,0.5565981999545027,3,56c4c4a4309e4f44a74a0c5d6cc69256,False,hyperparameter_optimization,2026-08-12 20:41:25.114000+00:00,2026-08-12 22:00:03.538000+00:00
